DESCRIPTION1,DESCRIPTION2,DESCRIPTION3,ID,SHM_KRN,SHM_HEVRA_MENAHELET,TAARICH_HAFAKAT_HADOCH,SUG_KRN,SHM_TAAGID_SHOLET,SUG_TAAGID_SHOLET,MI_TKUFAT_DIVUACH,AD_TKUFAT_DIVUACH,HAFKADOT_LLO_HAAVAROT,MSHICHOT_LLO_HAAVAROT,HAAVAROT_BEIN_HAKRANOT,TZVIRA_NETO,YITRAT_NCHASIM_LSOF_TKUFA,SHIUR_DMEI_NIHUL_AHARON,TSUA_MEMUZAAT_LETKUFA,TSUA_MITZTABERET_LETKUFA,TSUA_MEMUZAAT_36_HODASHIM,TSUA_MEMUZAAT_60_HODASHIM,TSUA_MITZTABERET_36_HODASHIM,TSUA_MITZTABERET_60_HODASHIM,TSUA_SHNATIT_MEMUZAAT_3_SHANIM,TSUA_SHNATIT_MEMUZAAT_5_SHANIM,STIAT_TEKEN_36_HODASHIM,STIAT_TEKEN_60_HODASHIM,MATZAV_DIVUACH,ALPHA_SHNATI,BETA_TA100,BETA_AGACH_KONTZERNIOT_TZMUDOT,BETA_AGACH_MEM_LO_TZMUDOT,BETA_AGACH_MEMSHALTIOT_TZMUDOT,BETA_HUTZ_LAARETZ,R_SQUARED,SHARP_TSUA_HETZYONIT_ANAF,SHARP_TSUA_HETZYONIT_ALL,SHARP_RIBIT_HASRAT_SIKUN,YAHAS_NEZILUT,SHIUR_D_NIHUL_AHARON_HAFKADOT,SHIUR_D_NIHUL_AHARON_NCHASIM,ODEF_GIRAON_ACTUARI_AHARON,YR_ODEF_GIRAON_ACTUARI_AHARON,ODEF_GIRAON_ACTUARI_LETKUFA,TSUA_MEMUZAT_HASHKAOT_HOFSHIOT,NUM_HEVRA,TAARICH_SIUM_PEILUT,ID_MASLUL_RISHUY
₪ כל הסכומים במיליוני,כל התשואות הינן פיננסיות נומינליות ברוטו,תשואת קרן פנסיה לא מוצגת החל מינואר 2017,1589,מיטב פנסיה מקיפה עוקב מדדי מניות,"מיטב גמל ופנסיה בע""מ",19/12/2024,קרנות חדשות,"מיטב דש השקעות בע""מ",ישראלית,202312,202411,134.59,7.22,1121.87,1249.24,1894.42,,1.75,23.09,1.05,0.96,45.57,77.01,13.33,12.1,3.39,3.41,דווח,6,0.2,0.53,0.32,0.02,0.65,0.73,0.8,0.81,1.07,96.3,,,0.03,2023,-0.06,2.11,512065202,,1589
₪ כל הסכומים במיליוני,כל התשואות הינן פיננסיות נומינליות ברוטו,תשואת קרן פנסיה לא מוצגת החל מינואר 2017,2002,כלל פנסיה כללי,"כלל פנסיה וגמל בע""מ",19/12/2024,קרנות חדשות,אחר,אחר,202312,202411,3037.23,1964.73,-6490.78,-5418.28,53743.99,,1.18,15.14,0.5,0.65,19.68,47.17,6.17,8.03,1.58,2.01,דווח,2.64,0.29,0.05,-0.07,0.09,0.35,0.92,-0.06,0.02,0.97,76.4,,,-0.17,2023,-0.26,1.36,512244146,,2002
₪ כל הסכומים במיליוני,כל התשואות הינן פיננסיות נומינליות ברוטו,תשואת קרן פנסיה לא מוצגת החל מינואר 2017,2004,כלל פנסיה הלכה,"כלל פנסיה וגמל בע""מ",19/12/2024,קרנות חדשות,אחר,אחר,202312,202411,80.6,29.62,-67.57,-16.59,782.42,,1.16,14.85,0.52,0.51,20.68,35.96,6.47,6.34,1.56,1.91,דווח,1.2,0.26,0.12,-0.07,0.07,0.34,0.95,-1.05,-1,0.85,96.3,,,-0.17,2023,-0.26,1.33,512244146,,2004
₪ כל הסכומים במיליוני,כל התשואות הינן פיננסיות נומינליות ברוטו,תשואת קרן פנסיה לא מוצגת החל מינואר 2017,2009,מנורה מבטחים פנסיה - כללי,"מנורה מבטחים פנסיה וגמל בע""מ",19/12/2024,קרנות חדשות,"מנורה מבטחים החזקות בע""מ",קבוצות ביטוח,202312,202411,5627.06,4280.4,-9143.04,-7796.38,102997.92,,1.15,14.67,0.55,0.63,21.85,46.11,6.81,7.88,1.59,1.99,דווח,2.28,0.3,0.06,-0.14,0.09,0.34,0.94,0.01,0.12,0.99,79.6,,,-0.19,2023,-0.22,1.36,512245812,,2009
₪ כל הסכומים במיליוני,כל התשואות הינן פיננסיות נומינליות ברוטו,תשואת קרן פנסיה לא מוצגת החל מינואר 2017,2012,מנורה מבטחים פנסיה - מסלול יעד לפרישה 2025,"מנורה מבטחים פנסיה וגמל בע""מ",19/12/2024,קרנות חדשות,"מנורה מבטחים החזקות בע""מ",קבוצות ביטוח,202312,202411,608.4,1889.23,1416.91,136.08,7606.72,,0.8,10.01,0.42,0.45,16.21,31.19,5.14,5.58,0.91,1.44,דווח,1.44,0.15,0.22,-0.07,0.07,0.24,0.92,-1.03,-1,0.88,79,,,-0.19,2023,-0.22,0.85,512245812,,2012
₪ כל הסכומים במיליוני,כל התשואות הינן פיננסיות נומינליות ברוטו,תשואת קרן פנסיה לא מוצגת החל מינואר 2017,2013,מנורה מבטחים פנסיה - מסלול יעד לפרישה 2030,"מנורה מבטחים פנסיה וגמל בע""מ",19/12/2024,קרנות חדשות,"מנורה מבטחים החזקות בע""מ",קבוצות ביטוח,202312,202411,604.9,506.6,725.61,823.91,8605.51,,0.84,10.6,0.47,0.53,18.26,37.71,5.75,6.61,1.01,1.64,דווח,1.8,0.19,0.22,-0.14,0.06,0.29,0.92,-0.84,-0.8,0.96,79.6,,,-0.19,2023,-0.22,0.91,512245812,,2013
₪ כל הסכומים במיליוני,כל התשואות הינן פיננסיות נומינליות ברוטו,תשואת קרן פנסיה לא מוצגת החל מינואר 2017,2014,מנורה מבטחים פנסיה - מסלול יעד לפרישה 2035,"מנורה מבטחים פנסיה וגמל בע""מ",19/12/2024,קרנות חדשות,"מנורה מבטחים החזקות בע""מ",קבוצות ביטוח,202312,202411,857.74,437.26,515.37,935.85,11890.66,,1.02,12.92,0.52,0.59,20.68,42.26,6.47,7.3,1.35,1.93,דווח,1.92,0.25,0.19,-0.13,0.03,0.36,0.93,-0.63,-0.55,0.95,79.8,,,-0.19,2023,-0.22,1.16,512245812,,2014
₪ כל הסכומים במיליוני,כל התשואות הינן פיננסיות נומינליות ברוטו,תשואת קרן פנסיה לא מוצגת החל מינואר 2017,2015,מנורה מבטחים פנסיה - מסלול יעד לפרישה 2040,"מנורה מבטחים פנסיה וגמל בע""מ",19/12/2024,קרנות חדשות,"מנורה מבטחים החזקות בע""מ",קבוצות ביטוח,202312,202411,1211.73,576.94,346.56,981.35,16164.85,,1.1,14.06,0.55,0.64,21.78,46.52,6.79,7.94,1.48,2.1,דווח,2.16,0.29,0.14,-0.14,0.05,0.39,0.93,0.01,0.08,0.97,78.7,,,-0.19,2023,-0.22,1.25,512245812,,2015
₪ כל הסכומים במיליוני,כל התשואות הינן פיננסיות נומינליות ברוטו,תשואת קרן פנסיה לא מוצגת החל מינואר 2017,2016,מנורה מבטחים פנסיה - מסלול יעד לפרישה 2045,"מנורה מבטחים פנסיה וגמל בע""מ",19/12/2024,קרנות חדשות,"מנורה מבטחים החזקות בע""מ",קבוצות ביטוח,202312,202411,1398.35,592.36,81.58,887.57,16111.76,,1.14,14.61,0.58,0.66,23.23,48.35,7.21,8.21,1.58,2.2,דווח,2.16,0.31,0.13,-0.15,0.05,0.41,0.93,0.35,0.41,0.97,81.3,,,-0.19,2023,-0.22,1.32,512245812,,2016
₪ כל הסכומים במיליוני,כל התשואות הינן פיננסיות נומינליות ברוטו,תשואת קרן פנסיה לא מוצגת החל מינואר 2017,2063,מנורה מבטחים פנסיה - מסלול מניות,"מנורה מבטחים פנסיה וגמל בע""מ",19/12/2024,קרנות חדשות,"מנורה מבטחים החזקות בע""מ",קבוצות ביטוח,202312,202411,434.94,128.17,252.78,559.55,5206.1,,1.56,20.39,0.67,0.75,27.12,56.83,8.33,9.42,2.42,3.12,דווח,1.68,0.48,0.07,-0.14,0.03,0.57,0.92,0.6,0.62,0.87,90.5,,,-0.19,2023,-0.22,1.87,512245812,,2063
₪ כל הסכומים במיליוני,כל התשואות הינן פיננסיות נומינליות ברוטו,תשואת קרן פנסיה לא מוצגת החל מינואר 2017,2102,מגדל מקפת אישית כללי,"מגדל מקפת קרנות פנסיה וקופות גמל בע""מ",19/12/2024,קרנות חדשות,"שלמה אליהו אחזקות בע""מ",ישראלית,202312,202411,3831.19,897.14,-7730.21,-4796.16,65462.49,,1.14,14.58,0.57,0.66,22.92,47.99,7.12,8.15,1.43,1.77,דווח,3,0.25,0.04,-0.09,0.11,0.34,0.94,0.18,0.25,1.14,76.4,,,-0.15,2023,-0.09,1.3,512237744,,2102
₪ כל הסכומים במיליוני,כל התשואות הינן פיננסיות נומינליות ברוטו,תשואת קרן פנסיה לא מוצגת החל מינואר 2017,2104,"מיטב פנסיה מקיפה אשראי ואג""ח","מיטב גמל ופנסיה בע""מ",19/12/2024,קרנות חדשות,"מיטב דש השקעות בע""מ",ישראלית,202312,202411,11.17,1.48,32.15,41.84,164.51,,0.66,8.15,0.38,0.36,14.43,23.89,4.6,4.38,0.6,0.7,דווח,2.16,0.01,0.24,0.08,0.03,0.06,0.9,-0.81,-0.79,1.14,82.6,,,0.03,2023,-0.06,0.64,512065202,,2104
₪ כל הסכומים במיליוני,כל התשואות הינן פיננסיות נומינליות ברוטו,תשואת קרן פנסיה לא מוצגת החל מינואר 2017,2105,מיטב פנסיה מקיפה מניות,"מיטב גמל ופנסיה בע""מ",19/12/2024,קרנות חדשות,"מיטב דש השקעות בע""מ",ישראלית,202312,202411,139.4,7.86,311.35,442.89,1488.78,,1.55,20.25,0.6,0.77,23.82,58.05,7.38,9.59,2.49,2.98,דווח,2.52,0.41,0.1,-0.01,0.07,0.54,0.9,0.63,0.65,0.89,91.8,,,0.03,2023,-0.06,1.87,512065202,,2105
₪ כל הסכומים במיליוני,כל התשואות הינן פיננסיות נומינליות ברוטו,תשואת קרן פנסיה לא מוצגת החל מינואר 2017,2112,מגדל מקפת אישית הלכה,"מגדל מקפת קרנות פנסיה וקופות גמל בע""מ",19/12/2024,קרנות חדשות,"שלמה אליהו אחזקות בע""מ",ישראלית,202312,202411,233.43,20.24,-155.48,57.71,2224.11,,1.17,15.03,0.51,0.54,20.27,38.3,6.35,6.7,1.63,1.94,דווח,1.68,0.25,0.09,0.02,0.09,0.36,0.96,-0.76,-0.71,0.88,97,,,-0.15,2023,-0.09,1.34,512237744,,2112
₪ כל הסכומים במיליוני,כל התשואות הינן פיננסיות נומינליות ברוטו,תשואת קרן פנסיה לא מוצגת החל מינואר 2017,2142,מגדל מקפת אישית מניות,"מגדל מקפת קרנות פנסיה וקופות גמל בע""מ",19/12/2024,קרנות חדשות,"שלמה אליהו אחזקות בע""מ",ישראלית,202312,202411,425.25,34.76,704.29,1094.78,5595.9,,1.61,21.08,0.64,0.77,25.89,58.4,7.98,9.64,2.48,2.83,דווח,2.76,0.42,-0.03,0.02,0.08,0.52,0.91,0.7,0.72,0.93,93,,,-0.15,2023,-0.09,1.92,512237744,,2142
₪ כל הסכומים במיליוני,כל התשואות הינן פיננסיות נומינליות ברוטו,תשואת קרן פנסיה לא מוצגת החל מינואר 2017,2143,מגדל מקפת אישית כספי (שקלי),"מגדל מקפת קרנות פנסיה וקופות גמל בע""מ",19/12/2024,קרנות חדשות,"שלמה אליהו אחזקות בע""מ",ישראלית,202312,202411,15.95,4.64,-38.48,-27.17,275.36,,0.43,5.33,0.35,0.27,13.32,17.26,4.26,3.24,0.17,0.17,דווח,1.44,0,0.01,0.04,-0.01,-0.01,0.11,-0.81,-0.8,3.29,96.5,,,-0.15,2023,-0.09,0.34,512237744,,2143
₪ כל הסכומים במיליוני,כל התשואות הינן פיננסיות נומינליות ברוטו,תשואת קרן פנסיה לא מוצגת החל מינואר 2017,2144,"מגדל מקפת אישית אשראי ואג""ח","מגדל מקפת קרנות פנסיה וקופות גמל בע""מ",19/12/2024,קרנות חדשות,"שלמה אליהו אחזקות בע""מ",ישראלית,202312,202411,16.81,5.07,-15.63,-3.89,279.42,,0.62,7.67,0.27,0.28,10.08,18.08,3.25,3.38,0.79,0.87,דווח,1.44,0.02,0.21,0.21,0.08,0.07,0.95,-1.09,-1.07,0.56,81.5,,,-0.15,2023,-0.09,0.59,512237744,,2144
₪ כל הסכומים במיליוני,כל התשואות הינן פיננסיות נומינליות ברוטו,תשואת קרן פנסיה לא מוצגת החל מינואר 2017,2155,מיטב פנסיה מקיפה לבני 50 ומטה,"מיטב גמל ופנסיה בע""מ",19/12/2024,קרנות חדשות,"מיטב דש השקעות בע""מ",ישראלית,202312,202411,4274.47,771.97,-1777.14,1725.36,23859.41,,1.34,17.37,0.58,0.73,23.21,54.32,7.21,9.06,1.91,2.29,דווח,3.24,0.3,0.12,0,0.07,0.42,0.91,0.87,0.93,1.04,82.5,,,0.03,2023,-0.06,1.59,512065202,,2155
₪ כל הסכומים במיליוני,כל התשואות הינן פיננסיות נומינליות ברוטו,תשואת קרן פנסיה לא מוצגת החל מינואר 2017,2156,מיטב פנסיה מקיפה הלכה,"מיטב גמל ופנסיה בע""מ",19/12/2024,קרנות חדשות,"מיטב דש השקעות בע""מ",ישראלית,202312,202411,172.1,18.78,-108.95,44.37,1153.55,,1.13,14.5,0.47,0.54,18.43,38.35,5.8,6.71,1.8,1.96,דווח,2.16,0.24,-0.02,0.13,0.19,0.34,0.92,-0.57,-0.54,0.84,95.8,,,0.03,2023,-0.06,1.3,512065202,,2156
₪ כל הסכומים במיליוני,כל התשואות הינן פיננסיות נומינליות ברוטו,תשואת קרן פנסיה לא מוצגת החל מינואר 2017,2157,מיטב פנסיה מקיפה מקבלי קצבה קיימים,"מיטב גמל ופנסיה בע""מ",19/12/2024,קרנות חדשות,"מיטב דש השקעות בע""מ",ישראלית,202312,202411,0,23.45,1.53,-21.92,242.93,,0.55,6.84,0.31,0.37,11.85,24.88,3.8,4.54,0.97,0.91,דווח,3.24,0.01,-0.05,0.05,0.52,-0.03,0.94,-0.79,-0.77,0.71,92.4,,,0.03,2023,-0.06,0.34,512065202,,2157
₪ כל הסכומים במיליוני,כל התשואות הינן פיננסיות נומינליות ברוטו,תשואת קרן פנסיה לא מוצגת החל מינואר 2017,2172,הראל  פנסיה - גילעד כללי,"הראל פנסיה וגמל בע""מ",19/12/2024,קרנות חדשות,"הראל השקעות בביטוח ושירותים פיננסיים בע""מ",קבוצות ביטוח,202312,202411,3240.91,1191.61,-6943.31,-4894.01,49233.52,,1.07,13.68,0.5,0.61,19.88,44.11,6.23,7.58,1.5,1.83,דווח,2.4,0.23,0.07,-0.11,0.14,0.36,0.93,-0.63,-0.54,0.99,78,,,-0.22,2023,-0.31,1.32,512267592,,2172
₪ כל הסכומים במיליוני,כל התשואות הינן פיננסיות נומינליות ברוטו,תשואת קרן פנסיה לא מוצגת החל מינואר 2017,2173,הראל פנסיה - הלכה,"הראל פנסיה וגמל בע""מ",19/12/2024,קרנות חדשות,"הראל השקעות בביטוח ושירותים פיננסיים בע""מ",קבוצות ביטוח,202312,202411,420.95,82.69,-362.62,-24.36,4081.68,,1.15,14.77,0.54,0.57,21.26,41.02,6.64,7.12,1.79,1.92,דווח,2.64,0.25,-0.08,0.2,0.17,0.34,0.94,-0.28,-0.25,0.91,96.4,,,-0.22,2023,-0.31,1.43,512267592,,2173
₪ כל הסכומים במיליוני,כל התשואות הינן פיננסיות נומינליות ברוטו,תשואת קרן פנסיה לא מוצגת החל מינואר 2017,2174,"הראל פנסיה - אשראי ואג""ח","הראל פנסיה וגמל בע""מ",19/12/2024,קרנות חדשות,"הראל השקעות בביטוח ושירותים פיננסיים בע""מ",קבוצות ביטוח,202312,202411,24.91,9.52,-35.48,-20.09,267.33,,0.53,6.6,0.24,0.27,8.93,17.79,2.89,3.33,0.62,0.71,דווח,1.32,0.01,0.2,0.13,0.07,0.04,0.83,-1.06,-1.05,0.53,74,,,-0.22,2023,-0.31,0.58,512267592,,2174
₪ כל הסכומים במיליוני,כל התשואות הינן פיננסיות נומינליות ברוטו,תשואת קרן פנסיה לא מוצגת החל מינואר 2017,2175,הראל פנסיה - מניות,"הראל פנסיה וגמל בע""מ",19/12/2024,קרנות חדשות,"הראל השקעות בביטוח ושירותים פיננסיים בע""מ",קבוצות ביטוח,202312,202411,780.61,91.82,342.32,1031.11,7704.1,,1.48,19.26,0.62,0.76,24.87,57.73,7.68,9.54,2.37,2.91,דווח,2.16,0.41,0,-0.14,0.15,0.58,0.92,0.63,0.65,0.89,88.8,,,-0.22,2023,-0.31,1.86,512267592,,2175
₪ כל הסכומים במיליוני,כל התשואות הינן פיננסיות נומינליות ברוטו,תשואת קרן פנסיה לא מוצגת החל מינואר 2017,2177,הראל פנסיה - מנוף כללי,"הראל פנסיה וגמל בע""מ",19/12/2024,קרנות חדשות,"הראל השקעות בביטוח ושירותים פיננסיים בע""מ",קבוצות ביטוח,202312,202411,659.48,142.75,-703.02,-186.29,9156.82,,1.08,13.79,0.51,0.6,20.13,43.39,6.3,7.47,1.48,1.82,דווח,2.4,0.24,0.07,-0.09,0.12,0.35,0.93,-0.71,-0.62,0.99,78.8,,,-0.22,2023,-0.31,1.33,512267592,,2177
₪ כל הסכומים במיליוני,כל התשואות הינן פיננסיות נומינליות ברוטו,תשואת קרן פנסיה לא מוצגת החל מינואר 2017,2182,מנורה מבטחים פנסיה - מסלול הלכה,"מנורה מבטחים פנסיה וגמל בע""מ",19/12/2024,קרנות חדשות,"מנורה מבטחים החזקות בע""מ",קבוצות ביטוח,202312,202411,255.3,81.14,-123.83,50.33,2323.75,,1.01,12.8,0.34,0.43,13.13,29.56,4.2,5.32,1.87,1.98,דווח,1.32,0.23,0.03,0.36,0.11,0.32,0.96,-1.19,-1.17,0.6,96.5,,,-0.19,2023,-0.22,1.03,512245812,,2182
₪ כל הסכומים במיליוני,כל התשואות הינן פיננסיות נומינליות ברוטו,תשואת קרן פנסיה לא מוצגת החל מינואר 2017,2183,מנורה מבטחים פנסיה - מסלול יעד לפרישה 2050,"מנורה מבטחים פנסיה וגמל בע""מ",19/12/2024,קרנות חדשות,"מנורה מבטחים החזקות בע""מ",קבוצות ביטוח,202312,202411,1446.29,549.53,-603.33,293.43,13425.35,,1.18,15.17,0.57,0.67,22.9,48.84,7.12,8.28,1.65,2.29,דווח,2.16,0.32,0.14,-0.14,0.05,0.43,0.92,0.4,0.45,0.95,81,,,-0.19,2023,-0.22,1.37,512245812,,2183
₪ כל הסכומים במיליוני,כל התשואות הינן פיננסיות נומינליות ברוטו,תשואת קרן פנסיה לא מוצגת החל מינואר 2017,2184,מנורה מבטחים פנסיה - מסלול יעד לפרישה 2055,"מנורה מבטחים פנסיה וגמל בע""מ",19/12/2024,קרנות חדשות,"מנורה מבטחים החזקות בע""מ",קבוצות ביטוח,202312,202411,1534.05,532.94,-996.59,4.52,11275.04,,1.25,16.03,0.59,0.68,23.64,50.61,7.33,8.54,1.77,2.4,דווח,2.16,0.34,0.12,-0.13,0.06,0.44,0.93,0.54,0.59,0.94,80.4,,,-0.19,2023,-0.22,1.44,512245812,,2184
₪ כל הסכומים במיליוני,כל התשואות הינן פיננסיות נומינליות ברוטו,תשואת קרן פנסיה לא מוצגת החל מינואר 2017,2187,הפניקס פנסיה מקיפה - מניות,"הפניקס פנסיה וגמל בע""מ",19/12/2024,קרנות חדשות,"הפניקס אחזקות בע""מ",ישראלית,202312,202411,1090.68,47.23,-831.18,212.27,9057.23,,1.66,21.85,0.58,0.76,23.21,57.57,7.21,9.52,2.58,3.17,דווח,2.04,0.48,0.04,-0.09,0.11,0.53,0.92,0.54,0.55,0.83,90.3,,,-0.13,2023,-0.21,1.85,513026484,,2187
₪ כל הסכומים במיליוני,כל התשואות הינן פיננסיות נומינליות ברוטו,תשואת קרן פנסיה לא מוצגת החל מינואר 2017,2188,"הפניקס פנסיה מקיפה אשראי ואג""ח","הפניקס פנסיה וגמל בע""מ",19/12/2024,קרנות חדשות,"הפניקס אחזקות בע""מ",ישראלית,202312,202411,15.98,3.47,57.06,69.57,198.85,,0.65,8.06,0.36,0.39,13.75,25.94,4.39,4.72,0.7,0.92,דווח,2.28,0.03,0.36,0.08,-0.02,0.07,0.92,-0.85,-0.83,0.97,82.3,,,-0.13,2023,-0.21,0.64,513026484,,2188
₪ כל הסכומים במיליוני,כל התשואות הינן פיננסיות נומינליות ברוטו,תשואת קרן פנסיה לא מוצגת החל מינואר 2017,2189,הפניקס פנסיה מקיפה -כספי (שקלי),"הפניקס פנסיה וגמל בע""מ",19/12/2024,קרנות חדשות,"הפניקס אחזקות בע""מ",ישראלית,202312,202411,14.2,20.18,13.82,7.84,154.88,,0.46,5.63,0.36,0.27,13.79,17.77,4.4,3.33,0.17,0.17,דווח,1.44,0.01,0.01,0.01,0,-0.02,0.16,-0.79,-0.78,3.1,94.5,,,-0.13,2023,-0.21,-0.31,513026484,,2189
₪ כל הסכומים במיליוני,כל התשואות הינן פיננסיות נומינליות ברוטו,תשואת קרן פנסיה לא מוצגת החל מינואר 2017,2196,אלטשולר שחם פנסיה מקיפה למקבלי קצבה קיימים,"אלטשולר שחם גמל ופנסיה בע""מ",19/12/2024,קרנות חדשות,"אלטשולר שחם פיננסים בע""מ",ישראלית,202312,202411,0,1.79,0.64,-1.15,8.09,,0.85,10.64,0.66,0.61,26.69,44.04,8.21,7.57,0.66,0.64,דווח,4.56,0.06,0,-0.02,0.05,0.11,0.6,-0.11,-0.1,2.73,92,,,0.26,2023,0.17,1.8,513173393,,2196
₪ כל הסכומים במיליוני,כל התשואות הינן פיננסיות נומינליות ברוטו,תשואת קרן פנסיה לא מוצגת החל מינואר 2017,2201,הפניקס פנסיה מקיפה - מסלול מקבלי קצבה קיימים,"הפניקס פנסיה וגמל בע""מ",19/12/2024,קרנות חדשות,"הפניקס אחזקות בע""מ",ישראלית,202312,202411,0,63.38,0,-63.38,565.59,,0.52,6.46,0.3,0.37,11.58,25.13,3.72,4.59,0.94,0.9,דווח,3.24,0,-0.06,-0.04,0.59,-0.03,0.95,-0.78,-0.77,0.72,93.9,,,-0.13,2023,-0.21,-0.05,513026484,,2201
₪ כל הסכומים במיליוני,כל התשואות הינן פיננסיות נומינליות ברוטו,תשואת קרן פנסיה לא מוצגת החל מינואר 2017,2203,הראל  פנסיה - מקבלי קצבה קיימים,"הראל פנסיה וגמל בע""מ",19/12/2024,קרנות חדשות,"הראל השקעות בביטוח ושירותים פיננסיים בע""מ",קבוצות ביטוח,202312,202411,0,189.04,26.28,-162.76,1971.71,,0.59,7.3,0.33,0.41,12.52,27.53,4.01,4.98,1.01,1,דווח,3.48,0.01,0.08,-0.05,0.51,-0.03,0.94,-0.73,-0.72,0.78,86.5,,,-0.22,2023,-0.31,0,512267592,,2203
₪ כל הסכומים במיליוני,כל התשואות הינן פיננסיות נומינליות ברוטו,תשואת קרן פנסיה לא מוצגת החל מינואר 2017,2205,כלל פנסיה למקבלי קצבה קיימים,"כלל פנסיה וגמל בע""מ",19/12/2024,קרנות חדשות,אחר,אחר,202312,202411,0,249.41,9.91,-239.5,2336.19,,0.52,6.44,0.33,0.38,12.73,25.91,4.08,4.72,0.82,0.81,דווח,3.12,0.01,0.05,0,0.4,-0.02,0.92,-0.78,-0.77,0.86,85.9,,,-0.17,2023,-0.26,0.26,512244146,,2205
₪ כל הסכומים במיליוני,כל התשואות הינן פיננסיות נומינליות ברוטו,תשואת קרן פנסיה לא מוצגת החל מינואר 2017,2207,מגדל מקפת אישית  למקבלי קצבה קיימים,"מגדל מקפת קרנות פנסיה וקופות גמל בע""מ",19/12/2024,קרנות חדשות,"שלמה אליהו אחזקות בע""מ",ישראלית,202312,202411,0,267.43,-28.09,-295.52,3034.02,,0.58,7.12,0.32,0.4,12.13,27.11,3.89,4.91,1.01,0.96,דווח,3.36,0.02,-0.04,-0.05,0.58,-0.02,0.95,-0.76,-0.75,0.76,89.6,,,-0.15,2023,-0.09,0,512237744,,2207
₪ כל הסכומים במיליוני,כל התשואות הינן פיננסיות נומינליות ברוטו,תשואת קרן פנסיה לא מוצגת החל מינואר 2017,2212,מנורה מבטחים פנסיה - מסלול מקבלי קצבה קיימים,"מנורה מבטחים פנסיה וגמל בע""מ",19/12/2024,קרנות חדשות,"מנורה מבטחים החזקות בע""מ",קבוצות ביטוח,202312,202411,0,694.98,260.93,-434.05,5150.95,,0.52,6.44,0.24,0.34,8.93,22.92,2.89,4.21,1.28,1.17,דווח,3.24,0.01,-0.1,-0.01,0.76,-0.06,0.95,-0.83,-0.82,0.45,92.6,,,-0.19,2023,-0.22,0.11,512245812,,2212
₪ כל הסכומים במיליוני,כל התשואות הינן פיננסיות נומינליות ברוטו,תשואת קרן פנסיה לא מוצגת החל מינואר 2017,8561,מנורה מבטחים פנסיה - מסלול קצבה לזכאים קיימים,"מנורה מבטחים פנסיה וגמל בע""מ",19/12/2024,קרנות חדשות,"מנורה מבטחים החזקות בע""מ",קבוצות ביטוח,202312,202411,0,33.16,0.78,-32.38,374.07,,0.63,7.85,0.59,0.53,23.59,37.03,7.32,6.5,0.34,0.43,דווח,4.2,0.01,0.05,-0.17,0.2,0.01,0.51,-0.32,-0.31,3.09,90.3,,,-0.19,2023,-0.22,0.44,512245812,,8561
₪ כל הסכומים במיליוני,כל התשואות הינן פיננסיות נומינליות ברוטו,תשואת קרן פנסיה לא מוצגת החל מינואר 2017,8588,הראל פנסיה  - קצבה לזכאים קיימים,"הראל פנסיה וגמל בע""מ",19/12/2024,קרנות חדשות,"הראל השקעות בביטוח ושירותים פיננסיים בע""מ",קבוצות ביטוח,202312,202411,0,5.08,2.32,-2.76,26.11,,0.63,7.87,0.43,0.46,16.79,31.56,5.31,5.64,0.76,0.74,דווח,3.96,0,0.01,-0.06,0.44,-0.02,0.89,-0.55,-0.54,1.32,89.5,,,-0.22,2023,-0.31,0,512267592,,8588
₪ כל הסכומים במיליוני,כל התשואות הינן פיננסיות נומינליות ברוטו,תשואת קרן פנסיה לא מוצגת החל מינואר 2017,8602,מגדל מקפת אישית קצבה לזכאים קיימים,"מגדל מקפת קרנות פנסיה וקופות גמל בע""מ",19/12/2024,קרנות חדשות,"שלמה אליהו אחזקות בע""מ",ישראלית,202312,202411,0,5.02,0.71,-4.31,77.04,,0.64,7.98,0.46,0.49,18.17,33.74,5.72,5.99,0.74,0.72,דווח,4.2,0.02,-0.03,-0.05,0.41,-0.01,0.89,-0.5,-0.49,1.47,91.1,,,-0.15,2023,-0.09,0,512237744,,8602
₪ כל הסכומים במיליוני,כל התשואות הינן פיננסיות נומינליות ברוטו,תשואת קרן פנסיה לא מוצגת החל מינואר 2017,8603,מגדל מקפת אישית הלכה למקבלי קצבה קיימים,"מגדל מקפת קרנות פנסיה וקופות גמל בע""מ",19/12/2024,קרנות חדשות,"שלמה אליהו אחזקות בע""מ",ישראלית,202312,202411,0,0.01,0.11,0.1,0.52,,0.59,7.32,0.36,0.4,13.98,26.72,4.46,4.85,0.78,0.8,דווח,3,0.02,0.04,-0.03,0.38,0.01,0.94,-0.76,-0.74,0.99,94,,,-0.15,2023,-0.09,0,512237744,,8603
₪ כל הסכומים במיליוני,כל התשואות הינן פיננסיות נומינליות ברוטו,תשואת קרן פנסיה לא מוצגת החל מינואר 2017,8645,מיטב פנסיה מקיפה קצבה לזכאים קיימים,"מיטב גמל ופנסיה בע""מ",19/12/2024,קרנות חדשות,"מיטב דש השקעות בע""מ",ישראלית,202312,202411,0,0.76,0.04,-0.72,9.6,,0.59,7.27,0.4,0.43,15.3,29.18,4.86,5.25,0.8,0.75,דווח,3.84,0.01,-0.03,0.03,0.41,-0.03,0.89,-0.63,-0.62,1.12,92.1,,,0.03,2023,-0.06,0.36,512065202,,8645
₪ כל הסכומים במיליוני,כל התשואות הינן פיננסיות נומינליות ברוטו,תשואת קרן פנסיה לא מוצגת החל מינואר 2017,8801,מגדל מקפת אישית לבני 50 ומטה,"מגדל מקפת קרנות פנסיה וקופות גמל בע""מ",19/12/2024,קרנות חדשות,"שלמה אליהו אחזקות בע""מ",ישראלית,202312,202411,3597.89,677.33,176.82,3097.38,27042.01,,1.27,16.36,0.56,0.67,22.46,49.16,6.99,8.33,1.78,2.1,דווח,2.76,0.29,0.05,-0.03,0.09,0.4,0.93,0.55,0.63,1.01,83.6,,,-0.15,2023,-0.09,1.47,512237744,,8801
₪ כל הסכומים במיליוני,כל התשואות הינן פיננסיות נומינליות ברוטו,תשואת קרן פנסיה לא מוצגת החל מינואר 2017,8802,מגדל מקפת אישית לבני 50 עד 60,"מגדל מקפת קרנות פנסיה וקופות גמל בע""מ",19/12/2024,קרנות חדשות,"שלמה אליהו אחזקות בע""מ",ישראלית,202312,202411,711.62,127.06,1947.96,2532.52,9739.21,,1.17,14.94,0.53,0.61,21.13,43.94,6.6,7.56,1.53,1.79,דווח,2.76,0.23,0.07,0.01,0.09,0.33,0.95,-0.29,-0.22,1.04,82.9,,,-0.15,2023,-0.09,1.33,512237744,,8802
₪ כל הסכומים במיליוני,כל התשואות הינן פיננסיות נומינליות ברוטו,תשואת קרן פנסיה לא מוצגת החל מינואר 2017,8803,מגדל מקפת אישית לבני 60 ומעלה,"מגדל מקפת קרנות פנסיה וקופות גמל בע""מ",19/12/2024,קרנות חדשות,"שלמה אליהו אחזקות בע""מ",ישראלית,202312,202411,334.72,116.7,870.15,1088.17,4562.56,,0.9,11.4,0.42,0.48,16.39,33.65,5.19,5.97,1.15,1.4,דווח,2.16,0.15,0.16,0.03,0.09,0.23,0.96,-1,-0.97,0.95,82,,,-0.15,2023,-0.09,0.98,512237744,,8803
₪ כל הסכומים במיליוני,כל התשואות הינן פיננסיות נומינליות ברוטו,תשואת קרן פנסיה לא מוצגת החל מינואר 2017,8806,הראל פנסיה- הלכה למקבלי קצבה קיימים,"הראל פנסיה וגמל בע""מ",19/12/2024,קרנות חדשות,"הראל השקעות בביטוח ושירותים פיננסיים בע""מ",קבוצות ביטוח,202312,202411,0,8.42,1.6,-6.82,65.85,,0.5,6.19,0.3,0.38,11.34,25.32,3.65,4.62,0.96,0.91,דווח,3.36,0,-0.09,-0.02,0.61,-0.04,0.94,-0.77,-0.76,0.69,94,,,-0.22,2023,-0.31,0,512267592,,8806
₪ כל הסכומים במיליוני,כל התשואות הינן פיננסיות נומינליות ברוטו,תשואת קרן פנסיה לא מוצגת החל מינואר 2017,8812,מנורה מבטחים פנסיה - מסלול יעד לפרישה 2060,"מנורה מבטחים פנסיה וגמל בע""מ",19/12/2024,קרנות חדשות,"מנורה מבטחים החזקות בע""מ",קבוצות ביטוח,202312,202411,1663.76,563.53,-1052.16,48.07,8632.11,,1.25,16.08,0.58,0.67,23.1,49.52,7.17,8.38,1.83,2.44,דווח,2.04,0.34,0.12,-0.1,0.05,0.46,0.92,0.43,0.47,0.91,79.7,,,-0.19,2023,-0.22,1.44,512245812,,8812
₪ כל הסכומים במיליוני,כל התשואות הינן פיננסיות נומינליות ברוטו,תשואת קרן פנסיה לא מוצגת החל מינואר 2017,9097,הראל פנסיה - כספי (שקלי),"הראל פנסיה וגמל בע""מ",19/12/2024,קרנות חדשות,"הראל השקעות בביטוח ושירותים פיננסיים בע""מ",קבוצות ביטוח,202312,202411,16.34,85.13,-24.37,-93.16,236.96,,0.44,5.42,0.36,0.26,13.96,17.13,4.45,3.21,0.15,0.19,דווח,1.32,0,0.02,0.01,0,0,0.17,-0.81,-0.8,3.19,97,,,-0.22,2023,-0.31,0.46,512267592,,9097
₪ כל הסכומים במיליוני,כל התשואות הינן פיננסיות נומינליות ברוטו,תשואת קרן פנסיה לא מוצגת החל מינואר 2017,9647,כלל פנסיה מניות,"כלל פנסיה וגמל בע""מ",19/12/2024,קרנות חדשות,אחר,אחר,202312,202411,532.02,136.66,-382.76,12.6,5646.27,,1.55,20.32,0.57,0.74,22.74,55.41,7.07,9.22,2.35,2.98,דווח,1.8,0.47,-0.04,-0.15,0.13,0.53,0.9,0.48,0.5,0.84,90.1,,,-0.17,2023,-0.26,1.87,512244146,,9647
₪ כל הסכומים במיליוני,כל התשואות הינן פיננסיות נומינליות ברוטו,תשואת קרן פנסיה לא מוצגת החל מינואר 2017,9648,"כלל פנסיה אשראי ואג""ח","כלל פנסיה וגמל בע""מ",19/12/2024,קרנות חדשות,אחר,אחר,202312,202411,18.39,19.44,-25.32,-26.37,378.59,,0.65,8.05,0.33,0.32,12.51,21,4.01,3.89,0.76,0.84,דווח,1.68,0.02,0.26,0.11,0.07,0.07,0.94,-0.95,-0.93,0.79,81.8,,,-0.17,2023,-0.26,0.63,512244146,,9648
₪ כל הסכומים במיליוני,כל התשואות הינן פיננסיות נומינליות ברוטו,תשואת קרן פנסיה לא מוצגת החל מינואר 2017,9649,כלל פנסיה קצבה לזכאים קיימים,"כלל פנסיה וגמל בע""מ",19/12/2024,קרנות חדשות,אחר,אחר,202312,202411,0,5.7,0,-5.7,49.46,,0.67,8.39,0.54,0.52,21.53,36.5,6.72,6.42,0.48,0.53,דווח,4.44,0,0.03,-0.09,0.28,0,0.66,-0.35,-0.33,2.51,90,,,-0.17,2023,-0.26,0.43,512244146,,9649
₪ כל הסכומים במיליוני,כל התשואות הינן פיננסיות נומינליות ברוטו,תשואת קרן פנסיה לא מוצגת החל מינואר 2017,9650,כלל פנסיה מסלול הלכה למקבלי קצבה קיימים,"כלל פנסיה וגמל בע""מ",19/12/2024,קרנות חדשות,אחר,אחר,202312,202411,0,1.32,0.44,-0.88,10.35,,0.54,6.68,0.34,0.38,12.85,25.38,4.11,4.63,0.77,0.75,דווח,3.12,0.01,0.02,0.02,0.39,-0.02,0.93,-0.77,-0.75,0.92,93,,,-0.17,2023,-0.26,0.29,512244146,,9650
₪ כל הסכומים במיליוני,כל התשואות הינן פיננסיות נומינליות ברוטו,תשואת קרן פנסיה לא מוצגת החל מינואר 2017,9654,כלל פנסיה לבני 50 ומטה,"כלל פנסיה וגמל בע""מ",19/12/2024,קרנות חדשות,אחר,אחר,202312,202411,3936.71,1342.07,-2913.63,-318.99,32287.12,,1.31,16.9,0.56,0.69,22.18,51.27,6.91,8.63,1.79,2.3,דווח,2.64,0.33,0.04,-0.13,0.13,0.4,0.91,0.58,0.63,0.97,78.8,,,-0.17,2023,-0.26,1.54,512244146,,9654
₪ כל הסכומים במיליוני,כל התשואות הינן פיננסיות נומינליות ברוטו,תשואת קרן פנסיה לא מוצגת החל מינואר 2017,9655,כלל פנסיה לבני 50-60,"כלל פנסיה וגמל בע""מ",19/12/2024,קרנות חדשות,אחר,אחר,202312,202411,897.5,396.03,1319.25,1820.72,12995.61,,1.22,15.6,0.53,0.63,20.77,45.69,6.49,7.82,1.56,1.99,דווח,2.52,0.28,0.05,-0.1,0.13,0.35,0.92,-0.1,-0.01,0.98,81.1,,,-0.17,2023,-0.26,1.4,512244146,,9655
₪ כל הסכומים במיליוני,כל התשואות הינן פיננסיות נומינליות ברוטו,תשואת קרן פנסיה לא מוצגת החל מינואר 2017,9656,כלל פנסיה לבני 60 ומעלה,"כלל פנסיה וגמל בע""מ",19/12/2024,קרנות חדשות,אחר,אחר,202312,202411,377.05,762.81,1147.94,762.18,5238.59,,0.92,11.62,0.43,0.51,16.79,35.36,5.31,6.24,1.13,1.44,דווח,2.28,0.17,0.12,-0.02,0.11,0.22,0.94,-1,-0.96,0.96,79.8,,,-0.17,2023,-0.26,1,512244146,,9656
₪ כל הסכומים במיליוני,כל התשואות הינן פיננסיות נומינליות ברוטו,תשואת קרן פנסיה לא מוצגת החל מינואר 2017,9757,אלטשולר שחם פנסיה מקיפה מסלול לבני 50 ומטה,"אלטשולר שחם גמל ופנסיה בע""מ",19/12/2024,קרנות חדשות,"אלטשולר שחם פיננסים בע""מ",ישראלית,202312,202411,2944.49,703.75,-3766.19,-1525.45,17985.2,,1.46,19.03,0.51,0.62,20.21,44.67,6.33,7.67,2.39,2.52,דווח,1.68,0.32,-0.08,0.21,0,0.56,0.84,0.12,0.14,0.8,86.6,,,0.26,2023,0.17,1.84,513173393,,9757
₪ כל הסכומים במיליוני,כל התשואות הינן פיננסיות נומינליות ברוטו,תשואת קרן פנסיה לא מוצגת החל מינואר 2017,9758,אלטשולר שחם פנסיה מקיפה מסלול לבני 50-60,"אלטשולר שחם גמל ופנסיה בע""מ",19/12/2024,קרנות חדשות,"אלטשולר שחם פיננסים בע""מ",ישראלית,202312,202411,366.75,68.14,80.09,378.7,4382.25,,1.34,17.35,0.52,0.56,20.34,39.93,6.37,6.95,2.03,2.08,דווח,1.8,0.26,-0.09,0.22,0.01,0.46,0.84,-0.17,-0.14,0.85,90.7,,,0.26,2023,0.17,1.66,513173393,,9758
₪ כל הסכומים במיליוני,כל התשואות הינן פיננסיות נומינליות ברוטו,תשואת קרן פנסיה לא מוצגת החל מינואר 2017,9759,אלטשולר שחם פנסיה מקיפה מסלול לבני 60 ומעלה,"אלטשולר שחם גמל ופנסיה בע""מ",19/12/2024,קרנות חדשות,"אלטשולר שחם פיננסים בע""מ",ישראלית,202312,202411,215.83,294.18,367.7,289.35,1924.3,,0.95,12.03,0.45,0.48,17.68,32.91,5.58,5.86,1.2,1.29,דווח,2.16,0.15,-0.04,0.2,0.02,0.28,0.86,-0.75,-0.73,1,92.2,,,0.26,2023,0.17,1.08,513173393,,9759
₪ כל הסכומים במיליוני,כל התשואות הינן פיננסיות נומינליות ברוטו,תשואת קרן פנסיה לא מוצגת החל מינואר 2017,9760,אלטשולר שחם פנסיה מקיפה הלכה,"אלטשולר שחם גמל ופנסיה בע""מ",19/12/2024,קרנות חדשות,"אלטשולר שחם פיננסים בע""מ",ישראלית,202312,202411,32.9,10.08,-40.29,-17.47,283.53,,1.29,16.57,0.52,0.57,20.37,40.66,6.37,7.06,2,2.02,דווח,2.04,0.25,-0.09,0.24,-0.02,0.46,0.82,-0.16,-0.13,0.88,91.9,,,0.26,2023,0.17,1.64,513173393,,9760
₪ כל הסכומים במיליוני,כל התשואות הינן פיננסיות נומינליות ברוטו,תשואת קרן פנסיה לא מוצגת החל מינואר 2017,9823,הראל פנסיה - גילאי 50 ומטה,"הראל פנסיה וגמל בע""מ",19/12/2024,קרנות חדשות,"הראל השקעות בביטוח ושירותים פיננסיים בע""מ",קבוצות ביטוח,202312,202411,5666.2,1095.29,-3617.39,953.52,36709.31,,1.16,14.9,0.51,0.62,20.07,45.18,6.29,7.74,1.76,2.18,דווח,2.04,0.29,0.02,-0.09,0.16,0.43,0.93,-0.16,-0.1,0.88,81.9,,,-0.22,2023,-0.31,1.44,512267592,,9823
₪ כל הסכומים במיליוני,כל התשואות הינן פיננסיות נומינליות ברוטו,תשואת קרן פנסיה לא מוצגת החל מינואר 2017,9827,הראל פנסיה - גילאי 50 עד 60,"הראל פנסיה וגמל בע""מ",19/12/2024,קרנות חדשות,"הראל השקעות בביטוח ושירותים פיננסיים בע""מ",קבוצות ביטוח,202312,202411,917.45,259.35,1167.55,1825.65,10326,,1.07,13.58,0.49,0.58,19.33,41.51,6.07,7.19,1.5,1.84,דווח,2.16,0.24,0.06,-0.07,0.14,0.36,0.93,-1.03,-0.94,0.94,81.5,,,-0.22,2023,-0.31,1.3,512267592,,9827
₪ כל הסכומים במיליוני,כל התשואות הינן פיננסיות נומינליות ברוטו,תשואת קרן פנסיה לא מוצגת החל מינואר 2017,9829,הראל פנסיה - גילאי 60 ומעלה,"הראל פנסיה וגמל בע""מ",19/12/2024,קרנות חדשות,"הראל השקעות בביטוח ושירותים פיננסיים בע""מ",קבוצות ביטוח,202312,202411,394.09,579.63,1101.18,915.64,4577,,0.82,10.33,0.37,0.45,14.02,30.59,4.47,5.48,1.1,1.37,דווח,1.8,0.14,0.12,0.02,0.13,0.23,0.94,-1.24,-1.2,0.83,80.8,,,-0.22,2023,-0.31,0.97,512267592,,9829
₪ כל הסכומים במיליוני,כל התשואות הינן פיננסיות נומינליות ברוטו,תשואת קרן פנסיה לא מוצגת החל מינואר 2017,9967,מיטב פנסיה מקיפה לבני 50 עד 60,"מיטב גמל ופנסיה בע""מ",19/12/2024,קרנות חדשות,"מיטב דש השקעות בע""מ",ישראלית,202312,202411,900.3,217.9,633.41,1315.81,9311.9,,1.23,15.85,0.57,0.71,22.84,53.28,7.1,8.92,1.65,2,דווח,3.72,0.25,0.15,-0.01,0.07,0.35,0.92,0.99,1.06,1.13,82.2,,,0.03,2023,-0.06,1.44,512065202,,9967
₪ כל הסכומים במיליוני,כל התשואות הינן פיננסיות נומינליות ברוטו,תשואת קרן פנסיה לא מוצגת החל מינואר 2017,9968,מיטב פנסיה מקיפה לבני 60 ומעלה,"מיטב גמל ופנסיה בע""מ",19/12/2024,קרנות חדשות,"מיטב דש השקעות בע""מ",ישראלית,202312,202411,560.46,217.49,498.14,841.11,4035,,0.98,12.45,0.48,0.52,18.64,36.38,5.86,6.4,1.17,1.39,דווח,2.64,0.14,0.18,0.05,0.06,0.23,0.94,-0.68,-0.65,1.09,82.5,,,0.03,2023,-0.06,1.09,512065202,,9968
₪ כל הסכומים במיליוני,כל התשואות הינן פיננסיות נומינליות ברוטו,תשואת קרן פנסיה לא מוצגת החל מינואר 2017,9974,הפניקס פנסיה מקיפה  - מסלול לבני 50 ומטה,"הפניקס פנסיה וגמל בע""מ",19/12/2024,קרנות חדשות,"הפניקס אחזקות בע""מ",ישראלית,202312,202411,5960.3,3449.7,-5893.15,-3382.55,53944.68,,1.42,18.43,0.63,0.74,25.57,55.68,7.89,9.26,1.8,2.17,דווח,3.48,0.33,0.04,-0.09,0.08,0.36,0.93,1.24,1.3,1.11,81.1,,,-0.13,2023,-0.21,1.58,513026484,,9974
₪ כל הסכומים במיליוני,כל התשואות הינן פיננסיות נומינליות ברוטו,תשואת קרן פנסיה לא מוצגת החל מינואר 2017,9975,הפניקס פנסיה מקיפה - מסלול לבני 50 עד 60,"הפניקס פנסיה וגמל בע""מ",19/12/2024,קרנות חדשות,"הפניקס אחזקות בע""מ",ישראלית,202312,202411,784.94,90.74,2145.52,2839.72,10396.37,,1.32,17.03,0.59,0.65,23.78,47.92,7.37,8.14,1.59,1.92,דווח,3,0.27,0.1,-0.06,0.07,0.32,0.94,0.47,0.54,1.09,82.7,,,-0.13,2023,-0.21,1.44,513026484,,9975
₪ כל הסכומים במיליוני,כל התשואות הינן פיננסיות נומינליות ברוטו,תשואת קרן פנסיה לא מוצגת החל מינואר 2017,9976,הפניקס פנסיה מקיפה - מסלול לבני 60 ומעלה,"הפניקס פנסיה וגמל בע""מ",19/12/2024,קרנות חדשות,"הפניקס אחזקות בע""מ",ישראלית,202312,202411,323.27,740.93,2800.1,2382.44,4261.82,,1,12.67,0.46,0.51,18.04,35.63,5.68,6.28,1.18,1.5,דווח,2.28,0.18,0.17,-0.01,0.07,0.22,0.95,-0.88,-0.85,0.98,83.6,,,-0.13,2023,-0.21,1.06,513026484,,9976
₪ כל הסכומים במיליוני,כל התשואות הינן פיננסיות נומינליות ברוטו,תשואת קרן פנסיה לא מוצגת החל מינואר 2017,9979,"הפניקס פנסיה מקיפה -מסלול עוקב מדדי אג""ח","הפניקס פנסיה וגמל בע""מ",19/12/2024,קרנות חדשות,"הפניקס אחזקות בע""מ",ישראלית,202312,202411,7.37,1.09,2.76,9.04,85.39,,0.6,7.42,0.41,0.28,15.72,18.48,4.99,3.45,1.55,1.44,דווח,0.6,-0.11,0.01,0.41,-0.07,0.51,0.7,-0.59,-0.58,0.39,72.9,,,-0.13,2023,-0.21,0.3,513026484,,9979
₪ כל הסכומים במיליוני,כל התשואות הינן פיננסיות נומינליות ברוטו,תשואת קרן פנסיה לא מוצגת החל מינואר 2017,9984,הפניקס פנסיה מקיפה - מסלול הלכה,"הפניקס פנסיה וגמל בע""מ",19/12/2024,קרנות חדשות,"הפניקס אחזקות בע""מ",ישראלית,202312,202411,133.2,9.59,-181.63,-58.02,1010.73,,1.18,15.14,0.56,0.56,22.23,39.93,6.92,6.95,1.61,1.93,דווח,1.8,0.24,0.13,-0.01,0.06,0.37,0.96,-0.41,-0.36,0.94,91.4,,,-0.13,2023,-0.21,1.33,513026484,,9984
₪ כל הסכומים במיליוני,כל התשואות הינן פיננסיות נומינליות ברוטו,תשואת קרן פנסיה לא מוצגת החל מינואר 2017,9987,מסלול קצבה לזכאים קיימים,"הפניקס פנסיה וגמל בע""מ",19/12/2024,קרנות חדשות,"הפניקס אחזקות בע""מ",ישראלית,202312,202411,0,1.19,0.06,-1.13,4.76,,0.63,7.77,0.48,0.47,18.77,32.84,5.9,5.84,0.52,0.57,דווח,3.96,0,0.02,-0.1,0.32,0.01,0.75,-0.46,-0.45,2.03,91.3,,,-0.13,2023,-0.21,-0.6,513026484,,9987
₪ כל הסכומים במיליוני,כל התשואות הינן פיננסיות נומינליות ברוטו,תשואת קרן פנסיה לא מוצגת החל מינואר 2017,12027,הראל  פנסיה - בסיסי למקבלי קצבה,"הראל פנסיה וגמל בע""מ",19/12/2024,קרנות חדשות,"הראל השקעות בביטוח ושירותים פיננסיים בע""מ",קבוצות ביטוח,202312,202411,0,923.47,2545.23,1621.76,10617.92,,0.8,10.01,0.56,0.54,22.46,37.88,6.99,6.64,0.65,0.75,דווח,3.48,0.08,0.04,-0.09,0.12,0.13,0.88,-0.38,-0.37,1.95,83.4,,,-0.22,2023,-0.31,0,512267592,,12027
₪ כל הסכומים במיליוני,כל התשואות הינן פיננסיות נומינליות ברוטו,תשואת קרן פנסיה לא מוצגת החל מינואר 2017,12028,הראל פנסיה -  הלכה למקבלי קצבה,"הראל פנסיה וגמל בע""מ",19/12/2024,קרנות חדשות,"הראל השקעות בביטוח ושירותים פיננסיים בע""מ",קבוצות ביטוח,202312,202411,0,53.23,188.54,135.31,607.08,,0.8,10.03,0.6,0.56,24.16,39.88,7.48,6.94,0.69,0.82,דווח,3.72,0.1,-0.01,-0.08,0.15,0.14,0.88,-0.31,-0.29,1.92,93.7,,,-0.22,2023,-0.31,0,512267592,,12028
₪ כל הסכומים במיליוני,כל התשואות הינן פיננסיות נומינליות ברוטו,תשואת קרן פנסיה לא מוצגת החל מינואר 2017,12119,הפניקס פנסיה מקיפה - מסלול בסיסי למקבלי קצבה,"הפניקס פנסיה וגמל בע""מ",19/12/2024,קרנות חדשות,"הפניקס אחזקות בע""מ",ישראלית,202312,202411,0,514.32,2751.06,2236.74,7450.93,,0.91,11.5,0.6,0.59,24.25,42.25,7.51,7.3,0.72,1.04,דווח,3.48,0.13,0.11,-0.11,0.05,0.16,0.9,-0.25,-0.23,1.72,85.2,,,-0.13,2023,-0.21,1.06,513026484,,12119
₪ כל הסכומים במיליוני,כל התשואות הינן פיננסיות נומינליות ברוטו,תשואת קרן פנסיה לא מוצגת החל מינואר 2017,12138,אלטשולר שחם פנסיה מקיפה בסיסי למקבלי קצבה,"אלטשולר שחם גמל ופנסיה בע""מ",19/12/2024,קרנות חדשות,"אלטשולר שחם פיננסים בע""מ",ישראלית,202312,202411,0,183.09,689.78,506.69,2195.36,,0.85,10.67,0.63,0.59,25.18,42.55,7.77,7.35,0.72,0.64,דווח,4.56,0.06,-0.03,0,0.09,0.09,0.57,-0.17,-0.15,2.49,92.3,,,0.26,2023,0.17,1.48,513173393,,12138
₪ כל הסכומים במיליוני,כל התשואות הינן פיננסיות נומינליות ברוטו,תשואת קרן פנסיה לא מוצגת החל מינואר 2017,12145,מגדל מקפת אישית בסיסי למקבלי קצבה,"מגדל מקפת קרנות פנסיה וקופות גמל בע""מ",19/12/2024,קרנות חדשות,"שלמה אליהו אחזקות בע""מ",ישראלית,202312,202411,0,797.01,2527.85,1730.84,10648.24,,0.86,10.79,0.61,0.58,24.56,41.44,7.6,7.18,0.68,0.86,דווח,3.72,0.1,0.07,-0.09,0.07,0.15,0.91,-0.25,-0.23,1.98,85,,,-0.15,2023,-0.09,0,512237744,,12145
₪ כל הסכומים במיליוני,כל התשואות הינן פיננסיות נומינליות ברוטו,תשואת קרן פנסיה לא מוצגת החל מינואר 2017,12146,מגדל מקפת אישית הלכה למקבלי קצבה,"מגדל מקפת קרנות פנסיה וקופות גמל בע""מ",19/12/2024,קרנות חדשות,"שלמה אליהו אחזקות בע""מ",ישראלית,202312,202411,0,5.76,19.24,13.48,93.99,,0.9,11.34,0.61,0.54,24.67,38.46,7.63,6.72,0.71,0.89,דווח,3.24,0.11,0.06,-0.07,0.07,0.15,0.91,-0.31,-0.29,1.84,94,,,-0.15,2023,-0.09,0,512237744,,12146
₪ כל הסכומים במיליוני,כל התשואות הינן פיננסיות נומינליות ברוטו,תשואת קרן פנסיה לא מוצגת החל מינואר 2017,12147,מגדל מקפת אישית עוקב מדדים למקבלי קצבה,"מגדל מקפת קרנות פנסיה וקופות גמל בע""מ",19/12/2024,קרנות חדשות,"שלמה אליהו אחזקות בע""מ",ישראלית,202312,202411,0,4.58,33.33,28.75,85.8,,1.13,14.4,0.68,0.67,27.5,49.44,8.44,8.37,1.33,1.51,דווח,3.6,0.23,-0.05,-0.08,0.08,0.27,0.9,0.29,0.32,1.39,94,,,-0.15,2023,-0.09,0,512237744,,12147
₪ כל הסכומים במיליוני,כל התשואות הינן פיננסיות נומינליות ברוטו,תשואת קרן פנסיה לא מוצגת החל מינואר 2017,12155,מנורה מבטחים פנסיה - מסלול בסיסי למקבלי קצבה,"מנורה מבטחים פנסיה וגמל בע""מ",19/12/2024,קרנות חדשות,"מנורה מבטחים החזקות בע""מ",קבוצות ביטוח,202312,202411,0,1770.76,5150.1,3379.34,22468.84,,0.84,10.6,0.62,0.55,25.08,39.32,7.74,6.86,0.64,0.84,דווח,3.48,0.09,0.08,-0.1,0.08,0.14,0.88,-0.3,-0.28,1.97,83.3,,,-0.19,2023,-0.22,1.04,512245812,,12155
₪ כל הסכומים במיליוני,כל התשואות הינן פיננסיות נומינליות ברוטו,תשואת קרן פנסיה לא מוצגת החל מינואר 2017,12157,מיטב פנסיה מקיפה בסיסי למקבלי קצבה,"מיטב גמל ופנסיה בע""מ",19/12/2024,קרנות חדשות,"מיטב דש השקעות בע""מ",ישראלית,202312,202411,0,219.36,1111.81,892.45,2832.59,,0.91,11.49,0.61,0.58,24.49,41.11,7.58,7.13,0.81,0.95,דווח,3.6,0.11,0.09,-0.08,0.08,0.15,0.89,-0.25,-0.23,1.81,85.3,,,0.03,2023,-0.06,1.21,512065202,,12157
₪ כל הסכומים במיליוני,כל התשואות הינן פיננסיות נומינליות ברוטו,תשואת קרן פנסיה לא מוצגת החל מינואר 2017,12176,כלל פנסיה מסלול הלכה למקבלי קצבה,"כלל פנסיה וגמל בע""מ",19/12/2024,קרנות חדשות,אחר,אחר,202312,202411,0,13,21.67,8.67,66.84,,0.89,11.19,0.61,0.55,24.67,39.18,7.63,6.84,0.73,0.89,דווח,3.24,0.11,0.05,-0.1,0.07,0.17,0.93,-0.31,-0.29,1.85,93.3,,,-0.17,2023,-0.26,1.18,512244146,,12176
₪ כל הסכומים במיליוני,כל התשואות הינן פיננסיות נומינליות ברוטו,תשואת קרן פנסיה לא מוצגת החל מינואר 2017,12177,כלל פנסיה מסלול בסיסי למקבלי קצבה,"כלל פנסיה וגמל בע""מ",19/12/2024,קרנות חדשות,אחר,אחר,202312,202411,0,861.45,2269.54,1408.09,8651.21,,0.84,10.5,0.61,0.6,24.34,42.82,7.53,7.39,0.58,0.93,דווח,3.6,0.11,0.07,-0.18,0.1,0.18,0.87,-0.24,-0.22,1.92,81,,,-0.17,2023,-0.26,1.04,512244146,,12177
₪ כל הסכומים במיליוני,כל התשואות הינן פיננסיות נומינליות ברוטו,תשואת קרן פנסיה לא מוצגת החל מינואר 2017,12419,אלטשולר שחם פנסיה מקיפה מניות,"אלטשולר שחם גמל ופנסיה בע""מ",19/12/2024,קרנות חדשות,"אלטשולר שחם פיננסים בע""מ",ישראלית,202312,202411,284.88,31.19,-514.55,-260.86,3305.91,,1.68,22.12,0.51,0.69,20.21,51.25,6.33,8.63,2.91,3.79,דווח,0,0.48,0.11,0.11,-0.06,0.87,0.87,0.29,0.3,0.68,90.6,,,0.26,2023,0.17,2.15,513173393,,12419
₪ כל הסכומים במיליוני,כל התשואות הינן פיננסיות נומינליות ברוטו,תשואת קרן פנסיה לא מוצגת החל מינואר 2017,12966,מיטב פנסיה מקיפה הלכה למקבלי קצבה,"מיטב גמל ופנסיה בע""מ",19/12/2024,קרנות חדשות,"מיטב דש השקעות בע""מ",ישראלית,202312,202411,0,3.17,13.52,10.35,54.58,,0.91,11.49,0.59,,23.68,,7.34,,0.81,,דווח,,,,,,,,,,,93.7,,,0.03,2023,-0.06,1.21,512065202,,12966
₪ כל הסכומים במיליוני,כל התשואות הינן פיננסיות נומינליות ברוטו,תשואת קרן פנסיה לא מוצגת החל מינואר 2017,13213,כלל פנסיה כספי (שקלי),"כלל פנסיה וגמל בע""מ",19/12/2024,קרנות חדשות,אחר,אחר,202312,202411,9.55,21.61,6.59,-5.47,147.67,,0.46,5.69,0.39,,15.12,,4.81,,0.16,,דווח,,,,,,,,,,,90.4,,,-0.17,2023,-0.26,0.38,512244146,,13213
₪ כל הסכומים במיליוני,כל התשואות הינן פיננסיות נומינליות ברוטו,תשואת קרן פנסיה לא מוצגת החל מינואר 2017,13260,מיטב פנסיה מקיפה עוקב מדד S&P500,"מיטב גמל ופנסיה בע""מ",19/12/2024,קרנות חדשות,"מיטב דש השקעות בע""מ",ישראלית,202312,202411,572.17,39.97,1927.03,2459.23,6773.23,,1.79,23.66,1.12,,49.35,,14.31,,2.2,,דווח,,,,,,,,,,,95.9,,,0.03,2023,-0.06,2.18,512065202,,13260
₪ כל הסכומים במיליוני,כל התשואות הינן פיננסיות נומינליות ברוטו,תשואת קרן פנסיה לא מוצגת החל מינואר 2017,13303,מנורה מבטחים פנסיה יעד לפרישה 2065,"מנורה מבטחים פנסיה וגמל בע""מ",19/12/2024,קרנות חדשות,"מנורה מבטחים החזקות בע""מ",קבוצות ביטוח,202312,202411,556.46,139.37,44.77,461.86,1405.15,,1.28,16.52,0.55,,21.67,,6.76,,1.92,,דווח,,,,,,,,,,,87.7,,,-0.19,2023,-0.22,1.23,512245812,,13303
₪ כל הסכומים במיליוני,כל התשואות הינן פיננסיות נומינליות ברוטו,תשואת קרן פנסיה לא מוצגת החל מינואר 2017,13335,הפניקס פנסיה מקיפה עוקב מדד S&P500,"הפניקס פנסיה וגמל בע""מ",19/12/2024,קרנות חדשות,"הפניקס אחזקות בע""מ",ישראלית,202312,202411,1894.36,75.27,4970.95,6790.04,18186.72,,1.83,24.25,1.14,,50.63,,14.63,,2.3,,דווח,,,,,,,,,,,95.8,,,-0.13,2023,-0.21,1.97,513026484,,13335
₪ כל הסכומים במיליוני,כל התשואות הינן פיננסיות נומינליות ברוטו,תשואת קרן פנסיה לא מוצגת החל מינואר 2017,13347,כלל פנסיה עוקב מדד s&p 500,"כלל פנסיה וגמל בע""מ",19/12/2024,קרנות חדשות,אחר,אחר,202312,202411,888.44,208.14,5876.62,6556.92,12337.98,,1.84,24.49,1.12,,49.23,,14.28,,2.3,,דווח,,,,,,,,,,,95.8,,,-0.17,2023,-0.26,2.22,512244146,,13347
₪ כל הסכומים במיליוני,כל התשואות הינן פיננסיות נומינליות ברוטו,תשואת קרן פנסיה לא מוצגת החל מינואר 2017,13349,"מנורה מבטחים פנסיה אשראי ואג""ח","מנורה מבטחים פנסיה וגמל בע""מ",19/12/2024,קרנות חדשות,"מנורה מבטחים החזקות בע""מ",קבוצות ביטוח,202312,202411,25.58,10.91,90.72,105.39,365.18,,0.75,9.45,0.58,,23.2,,7.2,,1.28,,דווח,,,,,,,,,,,89.9,,,-0.19,2023,-0.22,0.93,512245812,,13349
₪ כל הסכומים במיליוני,כל התשואות הינן פיננסיות נומינליות ברוטו,תשואת קרן פנסיה לא מוצגת החל מינואר 2017,13350,מנורה מבטחים פנסיה עוקב מדדי מניות,"מנורה מבטחים פנסיה וגמל בע""מ",19/12/2024,קרנות חדשות,"מנורה מבטחים החזקות בע""מ",קבוצות ביטוח,202312,202411,390.77,103.6,2268.77,2555.94,5060.7,,1.33,17.21,0.82,,34.13,,10.28,,1.99,,דווח,,,,,,,,,,,97.5,,,-0.19,2023,-0.22,1.71,512245812,,13350
₪ כל הסכומים במיליוני,כל התשואות הינן פיננסיות נומינליות ברוטו,תשואת קרן פנסיה לא מוצגת החל מינואר 2017,13415,הראל פנסיה עוקב מדד s&p 500,"הראל פנסיה וגמל בע""מ",19/12/2024,קרנות חדשות,"הראל השקעות בביטוח ושירותים פיננסיים בע""מ",קבוצות ביטוח,202312,202411,1976.4,209.68,10345.65,12112.37,23094.64,,1.83,24.28,1.12,,49.2,,14.27,,2.39,,דווח,,,,,,,,,,,96.4,,,-0.22,2023,-0.31,2.31,512267592,,13415
₪ כל הסכומים במיליוני,כל התשואות הינן פיננסיות נומינליות ברוטו,תשואת קרן פנסיה לא מוצגת החל מינואר 2017,13572,מגדל מקפת אישית עוקב מדד S&P500,"מגדל מקפת קרנות פנסיה וקופות גמל בע""מ",19/12/2024,קרנות חדשות,"שלמה אליהו אחזקות בע""מ",ישראלית,202312,202411,964.07,53.42,6551.94,7462.59,12985.86,,1.87,24.95,1.13,,49.88,,14.44,,2.25,,דווח,,,,,,,,,,,96.6,,,-0.15,2023,-0.09,2.29,512237744,,13572
₪ כל הסכומים במיליוני,כל התשואות הינן פיננסיות נומינליות ברוטו,תשואת קרן פנסיה לא מוצגת החל מינואר 2017,13819,אלטשולר שחם פנסיה מקיפה עוקב מדדי מניות,"אלטשולר שחם גמל ופנסיה בע""מ",19/12/2024,קרנות חדשות,"אלטשולר שחם פיננסים בע""מ",ישראלית,202312,202411,57.76,3.84,651.48,705.4,878.04,,1.57,20.53,,,,,,,,,דווח,,,,,,,,,,,97.1,,,0.26,2023,0.17,1.88,513173393,,13819
₪ כל הסכומים במיליוני,כל התשואות הינן פיננסיות נומינליות ברוטו,תשואת קרן פנסיה לא מוצגת החל מינואר 2017,13887,מנורה מבטחים פנסיה עוקב מדד S&P500,"מנורה מבטחים פנסיה וגמל בע""מ",19/12/2024,קרנות חדשות,"מנורה מבטחים החזקות בע""מ",קבוצות ביטוח,202312,202411,855.15,224.68,7135.44,7765.91,12441.09,,1.82,24.09,,,,,,,,,דווח,,,,,,,,,,,95.7,,,-0.19,2023,-0.22,2.15,512245812,,13887
₪ כל הסכומים במיליוני,כל התשואות הינן פיננסיות נומינליות ברוטו,תשואת קרן פנסיה לא מוצגת החל מינואר 2017,13909,מור פנסיה מקיפה - מסלול לבני 50 ומטה,"מור גמל ופנסיה בע""מ",19/12/2024,קרנות חדשות,"י.ד מור השקעות בע""מ",ישראלית,202312,202411,409.29,36.2,1054.17,1427.26,3587.64,,1.39,17.98,,,,,,,,,דווח,,,,,,,,,,,85.3,,,0.19,2023,0.18,1.65,514956465,,13909
₪ כל הסכומים במיליוני,כל התשואות הינן פיננסיות נומינליות ברוטו,תשואת קרן פנסיה לא מוצגת החל מינואר 2017,13910,מור פנסיה מקיפה - מסלול לבני 50 עד 60,"מור גמל ופנסיה בע""מ",19/12/2024,קרנות חדשות,"י.ד מור השקעות בע""מ",ישראלית,202312,202411,84.85,8.47,732.35,808.73,1588.79,,1.26,16.18,,,,,,,,,דווח,,,,,,,,,,,85.7,,,0.19,2023,0.18,1.48,514956465,,13910
₪ כל הסכומים במיליוני,כל התשואות הינן פיננסיות נומינליות ברוטו,תשואת קרן פנסיה לא מוצגת החל מינואר 2017,13911,מור פנסיה מקיפה - מסלול לבני 60 ומעלה,"מור גמל ופנסיה בע""מ",19/12/2024,קרנות חדשות,"י.ד מור השקעות בע""מ",ישראלית,202312,202411,32.14,5.21,227.3,254.23,450.02,,0.97,12.25,,,,,,,,,דווח,,,,,,,,,,,85.7,,,0.19,2023,0.18,1.07,514956465,,13911
₪ כל הסכומים במיליוני,כל התשואות הינן פיננסיות נומינליות ברוטו,תשואת קרן פנסיה לא מוצגת החל מינואר 2017,13912,מור פנסיה מקיפה - מניות,"מור גמל ופנסיה בע""מ",19/12/2024,קרנות חדשות,"י.ד מור השקעות בע""מ",ישראלית,202312,202411,200.73,13.08,585.26,772.91,2172.75,,1.6,20.97,,,,,,,,,דווח,,,,,,,,,,,89.8,,,0.19,2023,0.18,1.96,514956465,,13912
₪ כל הסכומים במיליוני,כל התשואות הינן פיננסיות נומינליות ברוטו,תשואת קרן פנסיה לא מוצגת החל מינואר 2017,13913,"מור פנסיה מקיפה - אשראי ואג""ח","מור גמל ופנסיה בע""מ",19/12/2024,קרנות חדשות,"י.ד מור השקעות בע""מ",ישראלית,202312,202411,0.97,0.15,2.4,3.22,16.86,,0.75,9.32,,,,,,,,,דווח,,,,,,,,,,,79.7,,,0.19,2023,0.18,0.76,514956465,,13913
₪ כל הסכומים במיליוני,כל התשואות הינן פיננסיות נומינליות ברוטו,תשואת קרן פנסיה לא מוצגת החל מינואר 2017,13914,מור פנסיה מקיפה - כספי (שקלי),"מור גמל ופנסיה בע""מ",19/12/2024,קרנות חדשות,"י.ד מור השקעות בע""מ",ישראלית,202312,202411,1.08,0.06,5,6.02,12.08,,0.44,5.39,,,,,,,,,דווח,,,,,,,,,,,96.6,,,0.19,2023,0.18,0.32,514956465,,13914
₪ כל הסכומים במיליוני,כל התשואות הינן פיננסיות נומינליות ברוטו,תשואת קרן פנסיה לא מוצגת החל מינואר 2017,13915,מור פנסיה מקיפה - עוקב מדדי מניות,"מור גמל ופנסיה בע""מ",19/12/2024,קרנות חדשות,"י.ד מור השקעות בע""מ",ישראלית,202312,202411,32.77,2.19,189.84,220.42,345.28,,1.46,19.06,,,,,,,,,דווח,,,,,,,,,,,94.3,,,0.19,2023,0.18,1.74,514956465,,13915
₪ כל הסכומים במיליוני,כל התשואות הינן פיננסיות נומינליות ברוטו,תשואת קרן פנסיה לא מוצגת החל מינואר 2017,13916,מור פנסיה מקיפה - מסלול בסיסי למקבלי קצבה,"מור גמל ופנסיה בע""מ",19/12/2024,קרנות חדשות,"י.ד מור השקעות בע""מ",ישראלית,202312,202411,0,27.13,111.75,84.62,121.4,,0.77,9.7,,,,,,,,,דווח,,,,,,,,,,,90.3,,,0.19,2023,0.18,0.95,514956465,,13916
₪ כל הסכומים במיליוני,כל התשואות הינן פיננסיות נומינליות ברוטו,תשואת קרן פנסיה לא מוצגת החל מינואר 2017,14037,אינפיניטי מקיפה  מסלול לבני 50 ומטה,"אינפיניטי השתלמות, גמל ופנסיה בע""מ",19/12/2024,קרנות חדשות,"אינפיניטי ניהול תיקי השקעות (בישראל ובעולם) בע""מ",גופים פרטיים,202312,202411,79.47,23.13,121.32,177.66,240.55,,1.42,18.39,,,,,,,,,דווח,,,,,,,,,,,93.7,,,0.77,2023,0.96,1.7,513621110,,14037
₪ כל הסכומים במיליוני,כל התשואות הינן פיננסיות נומינליות ברוטו,תשואת קרן פנסיה לא מוצגת החל מינואר 2017,14038,אינפיניטי מקיפה מסלול לבני 50 עד 60,"אינפיניטי השתלמות, גמל ופנסיה בע""מ",19/12/2024,קרנות חדשות,"אינפיניטי ניהול תיקי השקעות (בישראל ובעולם) בע""מ",גופים פרטיים,202312,202411,11.39,8.11,53.33,56.61,70.72,,1.26,16.27,,,,,,,,,דווח,,,,,,,,,,,93.9,,,0.77,2023,0.96,1.48,513621110,,14038
₪ כל הסכומים במיליוני,כל התשואות הינן פיננסיות נומינליות ברוטו,תשואת קרן פנסיה לא מוצגת החל מינואר 2017,14039,אינפיניטי מקיפה מסלול לבני 60 ומעלה,"אינפיניטי השתלמות, גמל ופנסיה בע""מ",19/12/2024,קרנות חדשות,"אינפיניטי ניהול תיקי השקעות (בישראל ובעולם) בע""מ",גופים פרטיים,202312,202411,14.14,8.7,34.74,40.18,49.86,,1.06,13.49,,,,,,,,,דווח,,,,,,,,,,,93.5,,,0.77,2023,0.96,1.2,513621110,,14039
₪ כל הסכומים במיליוני,כל התשואות הינן פיננסיות נומינליות ברוטו,תשואת קרן פנסיה לא מוצגת החל מינואר 2017,14040,אינפיניטי מקיפה עוקב מדדי מניות,"אינפיניטי השתלמות, גמל ופנסיה בע""מ",19/12/2024,קרנות חדשות,"אינפיניטי ניהול תיקי השקעות (בישראל ובעולם) בע""מ",גופים פרטיים,202312,202411,1.66,2.22,11.44,10.88,19.04,,1.56,20.35,,,,,,,,,דווח,,,,,,,,,,,97.1,,,0.77,2023,0.96,1.87,513621110,,14040
₪ כל הסכומים במיליוני,כל התשואות הינן פיננסיות נומינליות ברוטו,תשואת קרן פנסיה לא מוצגת החל מינואר 2017,14042,אינפיניטי מקיפה הלכה,"אינפיניטי השתלמות, גמל ופנסיה בע""מ",19/12/2024,קרנות חדשות,"אינפיניטי ניהול תיקי השקעות (בישראל ובעולם) בע""מ",גופים פרטיים,202312,202411,2.15,3.98,19.83,18,23.91,,1.34,17.34,,,,,,,,,דווח,,,,,,,,,,,97,,,0.77,2023,0.96,1.57,513621110,,14042
₪ כל הסכומים במיליוני,כל התשואות הינן פיננסיות נומינליות ברוטו,תשואת קרן פנסיה לא מוצגת החל מינואר 2017,14043,מסלול בסיסי למקבלי קצבה,"אינפיניטי השתלמות, גמל ופנסיה בע""מ",19/12/2024,קרנות חדשות,"אינפיניטי ניהול תיקי השקעות (בישראל ובעולם) בע""מ",גופים פרטיים,202312,202411,0,0.69,4.79,4.1,7.4,,0.99,12.54,,,,,,,,,דווח,,,,,,,,,,,91.1,,,0.77,2023,0.96,1.42,513621110,,14043
₪ כל הסכומים במיליוני,כל התשואות הינן פיננסיות נומינליות ברוטו,תשואת קרן פנסיה לא מוצגת החל מינואר 2017,14054,אינפיניטי מקיפה עוקב מדד S&P 500,"אינפיניטי השתלמות, גמל ופנסיה בע""מ",19/12/2024,קרנות חדשות,"אינפיניטי ניהול תיקי השקעות (בישראל ובעולם) בע""מ",גופים פרטיים,202312,202411,3.77,5.51,24.42,22.68,36.79,,1.72,22.66,,,,,,,,,דווח,,,,,,,,,,,96.8,,,0.77,2023,0.96,2.1,513621110,,14054
₪ כל הסכומים במיליוני,כל התשואות הינן פיננסיות נומינליות ברוטו,תשואת קרן פנסיה לא מוצגת החל מינואר 2017,14198,הראל  פנסיה- עוקב מדדים גמיש,"הראל פנסיה וגמל בע""מ",19/12/2024,קרנות חדשות,"הראל השקעות בביטוח ושירותים פיננסיים בע""מ",קבוצות ביטוח,202312,202411,9.8,2.01,121.8,129.59,180.2,,1.22,15.64,,,,,,,,,דווח,,,,,,,,,,,97.4,,,-0.22,2023,-0.31,1.49,512267592,,14198
₪ כל הסכומים במיליוני,כל התשואות הינן פיננסיות נומינליות ברוטו,תשואת קרן פנסיה לא מוצגת החל מינואר 2017,14199,הראל  פנסיה- משולב סחיר,"הראל פנסיה וגמל בע""מ",19/12/2024,קרנות חדשות,"הראל השקעות בביטוח ושירותים פיננסיים בע""מ",קבוצות ביטוח,202312,202411,2.82,0.69,56.71,58.84,71.14,,1.14,14.53,,,,,,,,,דווח,,,,,,,,,,,91.7,,,-0.22,2023,-0.31,1.36,512267592,,14199
₪ כל הסכומים במיליוני,כל התשואות הינן פיננסיות נומינליות ברוטו,תשואת קרן פנסיה לא מוצגת החל מינואר 2017,14200,הראל  פנסיה- קיימות,"הראל פנסיה וגמל בע""מ",19/12/2024,קרנות חדשות,"הראל השקעות בביטוח ושירותים פיננסיים בע""מ",קבוצות ביטוח,202312,202411,1.61,0.27,7.15,8.49,15.4,,0.5,6.13,,,,,,,,,דווח,,,,,,,,,,,94.6,,,-0.22,2023,-0.31,0.48,512267592,,14200
₪ כל הסכומים במיליוני,כל התשואות הינן פיננסיות נומינליות ברוטו,תשואת קרן פנסיה לא מוצגת החל מינואר 2017,14232,כלל פנסיה משולב סחיר,"כלל פנסיה וגמל בע""מ",19/12/2024,קרנות חדשות,אחר,אחר,202312,202411,0.96,0.23,15.84,16.57,25.44,,1.54,20.16,,,,,,,,,דווח,,,,,,,,,,,88.8,,,-0.17,2023,-0.26,1.81,512244146,,14232
₪ כל הסכומים במיליוני,כל התשואות הינן פיננסיות נומינליות ברוטו,תשואת קרן פנסיה לא מוצגת החל מינואר 2017,14233,כלל פנסיה עוקב מדדים גמיש,"כלל פנסיה וגמל בע""מ",19/12/2024,קרנות חדשות,אחר,אחר,202312,202411,10.47,3.83,217.81,224.45,297.02,,1.26,16.25,,,,,,,,,דווח,,,,,,,,,,,95.8,,,-0.17,2023,-0.26,1.44,512244146,,14233
₪ כל הסכומים במיליוני,כל התשואות הינן פיננסיות נומינליות ברוטו,תשואת קרן פנסיה לא מוצגת החל מינואר 2017,14242,מגדל מקפת אישית משולב סחיר,"מגדל מקפת קרנות פנסיה וקופות גמל בע""מ",19/12/2024,קרנות חדשות,"שלמה אליהו אחזקות בע""מ",ישראלית,202312,202411,1.16,0.01,16.36,17.51,30.12,,1.21,15.56,,,,,,,,,דווח,,,,,,,,,,,92,,,-0.15,2023,-0.09,1.4,512237744,,14242
₪ כל הסכומים במיליוני,כל התשואות הינן פיננסיות נומינליות ברוטו,תשואת קרן פנסיה לא מוצגת החל מינואר 2017,14243,מגדל מקפת אישית עוקב מדדים - גמיש,"מגדל מקפת קרנות פנסיה וקופות גמל בע""מ",19/12/2024,קרנות חדשות,"שלמה אליהו אחזקות בע""מ",ישראלית,202312,202411,6.76,0.25,125.27,131.78,167.37,,0.93,11.76,,,,,,,,,דווח,,,,,,,,,,,97.2,,,-0.15,2023,-0.09,1.02,512237744,,14243
₪ כל הסכומים במיליוני,כל התשואות הינן פיננסיות נומינליות ברוטו,תשואת קרן פנסיה לא מוצגת החל מינואר 2017,14259,מיטב פנסיה מקיפה משולב סחיר,"מיטב גמל ופנסיה בע""מ",19/12/2024,קרנות חדשות,"מיטב דש השקעות בע""מ",ישראלית,202312,202411,0.96,0.03,26.58,27.51,33.36,,1.9,25.4,,,,,,,,,דווח,,,,,,,,,,,92.9,,,0.03,2023,-0.06,2.31,512065202,,14259
₪ כל הסכומים במיליוני,כל התשואות הינן פיננסיות נומינליות ברוטו,תשואת קרן פנסיה לא מוצגת החל מינואר 2017,14260,מיטב פנסיה מקיפה עוקב מדדים גמיש,"מיטב גמל ופנסיה בע""מ",19/12/2024,קרנות חדשות,"מיטב דש השקעות בע""מ",ישראלית,202312,202411,10.28,0.47,96.76,106.57,150.34,,1.01,12.81,,,,,,,,,דווח,,,,,,,,,,,97.3,,,0.03,2023,-0.06,1.12,512065202,,14260
₪ כל הסכומים במיליוני,כל התשואות הינן פיננסיות נומינליות ברוטו,תשואת קרן פנסיה לא מוצגת החל מינואר 2017,14261,מיטב פנסיה מקיפה קיימות,"מיטב גמל ופנסיה בע""מ",19/12/2024,קרנות חדשות,"מיטב דש השקעות בע""מ",ישראלית,202312,202411,1.03,0.07,25.72,26.68,29.53,,1.4,18.11,,,,,,,,,דווח,,,,,,,,,,,96.4,,,0.03,2023,-0.06,1.61,512065202,,14261
₪ כל הסכומים במיליוני,כל התשואות הינן פיננסיות נומינליות ברוטו,תשואת קרן פנסיה לא מוצגת החל מינואר 2017,14277,מנורה מבטחים פנסיה משולב סחיר,"מנורה מבטחים פנסיה וגמל בע""מ",19/12/2024,קרנות חדשות,"מנורה מבטחים החזקות בע""מ",קבוצות ביטוח,202312,202411,0.76,0.23,15.58,16.11,21.65,,1.13,14.48,,,,,,,,,דווח,,,,,,,,,,,88.6,,,-0.19,2023,-0.22,1.22,512245812,,14277
₪ כל הסכומים במיליוני,כל התשואות הינן פיננסיות נומינליות ברוטו,תשואת קרן פנסיה לא מוצגת החל מינואר 2017,14278,מנורה מבטחים פנסיה עוקב מדדים גמיש,"מנורה מבטחים פנסיה וגמל בע""מ",19/12/2024,קרנות חדשות,"מנורה מבטחים החזקות בע""מ",קבוצות ביטוח,202312,202411,18.65,6.89,189.17,200.93,307.94,,1.18,15.08,,,,,,,,,דווח,,,,,,,,,,,96.7,,,-0.19,2023,-0.22,1.13,512245812,,14278
₪ כל הסכומים במיליוני,כל התשואות הינן פיננסיות נומינליות ברוטו,תשואת קרן פנסיה לא מוצגת החל מינואר 2017,14285,הפניקס פנסיה מקיפה  משולב סחיר,"הפניקס פנסיה וגמל בע""מ",19/12/2024,קרנות חדשות,"הפניקס אחזקות בע""מ",ישראלית,202312,202411,0.98,0.01,12.18,13.15,17.48,,1.29,16.67,,,,,,,,,דווח,,,,,,,,,,,89.6,,,-0.13,2023,-0.21,1.28,513026484,,14285
₪ כל הסכומים במיליוני,כל התשואות הינן פיננסיות נומינליות ברוטו,תשואת קרן פנסיה לא מוצגת החל מינואר 2017,14286,הפניקס פנסיה מקיפה עוקב מדדים גמיש,"הפניקס פנסיה וגמל בע""מ",19/12/2024,קרנות חדשות,"הפניקס אחזקות בע""מ",ישראלית,202312,202411,6.72,0.29,50.56,56.99,85.38,,0.97,12.28,,,,,,,,,דווח,,,,,,,,,,,84.5,,,-0.13,2023,-0.21,-0.4,513026484,,14286
₪ כל הסכומים במיליוני,כל התשואות הינן פיננסיות נומינליות ברוטו,תשואת קרן פנסיה לא מוצגת החל מינואר 2017,14302,אלטשולר שחם פנסיה מקיפה משולב סחיר,"אלטשולר שחם גמל ופנסיה בע""מ",19/12/2024,קרנות חדשות,"אלטשולר שחם פיננסים בע""מ",ישראלית,202312,202411,0.88,0.4,4.62,5.1,8.46,,1.17,14.97,,,,,,,,,דווח,,,,,,,,,,,93.2,,,0.26,2023,0.17,1.44,513173393,,14302
₪ כל הסכומים במיליוני,כל התשואות הינן פיננסיות נומינליות ברוטו,תשואת קרן פנסיה לא מוצגת החל מינואר 2017,14303,אלטשולר שחם פנסיה מקיפה עוקב מדדים גמיש,"אלטשולר שחם גמל ופנסיה בע""מ",19/12/2024,קרנות חדשות,"אלטשולר שחם פיננסים בע""מ",ישראלית,202312,202411,3.02,0.18,19.97,22.81,39.4,,1.2,15.37,,,,,,,,,דווח,,,,,,,,,,,97,,,0.26,2023,0.17,1.42,513173393,,14303
₪ כל הסכומים במיליוני,כל התשואות הינן פיננסיות נומינליות ברוטו,תשואת קרן פנסיה לא מוצגת החל מינואר 2017,14333,אינפיניטי פנסיה מקיפה משולב סחיר,"אינפיניטי השתלמות, גמל ופנסיה בע""מ",19/12/2024,קרנות חדשות,"אינפיניטי ניהול תיקי השקעות (בישראל ובעולם) בע""מ",גופים פרטיים,202312,202411,0.03,0.8,3.81,3.04,3.25,,1.5,19.51,,,,,,,,,דווח,,,,,,,,,,,91.9,,,0.77,2023,0.96,1.69,513621110,,14333
₪ כל הסכומים במיליוני,כל התשואות הינן פיננסיות נומינליות ברוטו,תשואת קרן פנסיה לא מוצגת החל מינואר 2017,14334,אינפיניטי פנסיה מקיפה עוקב מדדים גמיש,"אינפיניטי השתלמות, גמל ופנסיה בע""מ",19/12/2024,קרנות חדשות,"אינפיניטי ניהול תיקי השקעות (בישראל ובעולם) בע""מ",גופים פרטיים,202312,202411,0.05,0.15,0.46,0.36,0.35,,1.26,16.18,,,,,,,,,דווח,,,,,,,,,,,97.8,,,0.77,2023,0.96,1.44,513621110,,14334
₪ כל הסכומים במיליוני,כל התשואות הינן פיננסיות נומינליות ברוטו,תשואת קרן פנסיה לא מוצגת החל מינואר 2017,14339,מור פנסיה מקיפה - משולב סחיר,"מור גמל ופנסיה בע""מ",19/12/2024,קרנות חדשות,"י.ד מור השקעות בע""מ",ישראלית,202312,202411,1.14,0.11,27.3,28.33,34.69,,1.3,16.82,,,,,,,,,דווח,,,,,,,,,,,87.7,,,0.19,2023,0.18,1.53,514956465,,14339
₪ כל הסכומים במיליוני,כל התשואות הינן פיננסיות נומינליות ברוטו,תשואת קרן פנסיה לא מוצגת החל מינואר 2017,14340,מור פנסיה מקיפה - עוקב מדדים גמיש,"מור גמל ופנסיה בע""מ",19/12/2024,קרנות חדשות,"י.ד מור השקעות בע""מ",ישראלית,202312,202411,1.78,0.07,13.37,15.08,20.71,,0.75,9.32,,,,,,,,,דווח,,,,,,,,,,,95.7,,,0.19,2023,0.18,0.75,514956465,,14340
₪ כל הסכומים במיליוני,כל התשואות הינן פיננסיות נומינליות ברוטו,תשואת קרן פנסיה לא מוצגת החל מינואר 2017,14348,מנורה מבטחים פנסיה קיימות,"מנורה מבטחים פנסיה וגמל בע""מ",19/12/2024,קרנות חדשות,"מנורה מבטחים החזקות בע""מ",קבוצות ביטוח,202312,202411,0.46,0.32,5.09,5.23,7.61,,0.78,9.75,,,,,,,,,דווח,,,,,,,,,,,98.2,,,-0.19,2023,-0.22,1,512245812,,14348
₪ כל הסכומים במיליוני,כל התשואות הינן פיננסיות נומינליות ברוטו,תשואת קרן פנסיה לא מוצגת החל מינואר 2017,14850,אלטשולר שחם פנסיה מקיפה עוקב מדד S&P500,"אלטשולר שחם גמל ופנסיה בע""מ",19/12/2024,קרנות חדשות,"אלטשולר שחם פיננסים בע""מ",ישראלית,202312,202411,93.53,4.69,1217.97,1306.81,1442.98,,1.65,21.7,,,,,,,,,דווח,,,,,,,,,,,96.6,,,-0.01,2023,0.17,1.9,513173393,,14850
₪ כל הסכומים במיליוני,כל התשואות הינן פיננסיות נומינליות ברוטו,תשואת קרן פנסיה לא מוצגת החל מינואר 2017,14929,מגדל מקפת אישית עוקב מדדי מניות,"מגדל מקפת קרנות פנסיה וקופות גמל בע""מ",19/12/2024,קרנות חדשות,"שלמה אליהו אחזקות בע""מ",ישראלית,202401,202411,46.49,1.9,820.21,864.8,942.02,,,,,,,,,,,,דווח,,,,,,,,,,,96,,,,,-0.09,,512237744,,14929
₪ כל הסכומים במיליוני,כל התשואות הינן פיננסיות נומינליות ברוטו,תשואת קרן פנסיה לא מוצגת החל מינואר 2017,15038,הראל  פנסיה עוקב מדדי מניות,"הראל פנסיה וגמל בע""מ",19/12/2024,קרנות חדשות,"הראל השקעות בביטוח ושירותים פיננסיים בע""מ",קבוצות ביטוח,202401,202411,403.69,17.2,369.85,756.34,822.72,,,,,,,,,,,,דווח,,,,,,,,,,,97.4,,,,,-0.31,,512267592,,15038
₪ כל הסכומים במיליוני,כל התשואות הינן פיננסיות נומינליות ברוטו,תשואת קרן פנסיה לא מוצגת החל מינואר 2017,15092,כלל פנסיה עוקב מדדי מניות,"כלל פנסיה וגמל בע""מ",19/12/2024,קרנות חדשות,אחר,אחר,202404,202411,8.68,1.97,296.8,303.51,310.42,,,,,,,,,,,,דווח,,,,,,,,,,,97,,,,,-0.14,,512244146,,15092
₪ כל הסכומים במיליוני,כל התשואות הינן פיננסיות נומינליות ברוטו,תשואת קרן פנסיה לא מוצגת החל מינואר 2017,15217,"הפניקס פנסיה מקיפה אג""ח סחיר","הפניקס פנסיה וגמל בע""מ",19/12/2024,קרנות חדשות,"הפניקס אחזקות בע""מ",ישראלית,202407,202411,0.25,0,8.88,9.13,9.51,,,,,,,,,,,,דווח,,,,,,,,,,,86.3,,,,,-0.07,,513026484,,15217
₪ כל הסכומים במיליוני,כל התשואות הינן פיננסיות נומינליות ברוטו,תשואת קרן פנסיה לא מוצגת החל מינואר 2017,15218,הפניקס פנסיה מקיפה מניות סחיר,"הפניקס פנסיה וגמל בע""מ",19/12/2024,קרנות חדשות,"הפניקס אחזקות בע""מ",ישראלית,202407,202411,0.59,0.03,28.44,29,30.95,,,,,,,,,,,,דווח,,,,,,,,,,,85.2,,,,,-0.07,,513026484,,15218
₪ כל הסכומים במיליוני,כל התשואות הינן פיננסיות נומינליות ברוטו,תשואת קרן פנסיה לא מוצגת החל מינואר 2017,15219,הפניקס פנסיה מקיפה עוקב מדדי מניות,"הפניקס פנסיה וגמל בע""מ",19/12/2024,קרנות חדשות,"הפניקס אחזקות בע""מ",ישראלית,202407,202411,8.69,0.44,265.61,273.86,278.9,,,,,,,,,,,,דווח,,,,,,,,,,,94.6,,,,,-0.07,,513026484,,15219
₪ כל הסכומים במיליוני,כל התשואות הינן פיננסיות נומינליות ברוטו,תשואת קרן פנסיה לא מוצגת החל מינואר 2017,15263,מור פנסיה מקיפה  מתמחים באפיקי השקעה סחירים מניות סחיר,"מור גמל ופנסיה בע""מ",19/12/2024,קרנות חדשות,"י.ד מור השקעות בע""מ",ישראלית,202407,202411,3.39,0.33,149.81,152.87,161.69,,,,,,,,,,,,דווח,,,,,,,,,,,92.3,,,,,0.05,,514956465,,15263
₪ כל הסכומים במיליוני,כל התשואות הינן פיננסיות נומינליות ברוטו,תשואת קרן פנסיה לא מוצגת החל מינואר 2017,15264,"מור פנסיה מקיפה מתמחים באפיקי השקעה סחירים אג""ח סחיר","מור גמל ופנסיה בע""מ",19/12/2024,קרנות חדשות,"י.ד מור השקעות בע""מ",ישראלית,202407,202411,0.09,0,6.5,6.59,6.74,,,,,,,,,,,,דווח,,,,,,,,,,,90.9,,,,,0.05,,514956465,,15264
₪ כל הסכומים במיליוני,כל התשואות הינן פיננסיות נומינליות ברוטו,תשואת קרן פנסיה לא מוצגת החל מינואר 2017,15265,"מור פנסיה מקיפה עוקבי מדדים עוקב מדדי אג""ח","מור גמל ופנסיה בע""מ",19/12/2024,קרנות חדשות,"י.ד מור השקעות בע""מ",ישראלית,202407,202411,0.05,0,2.41,2.46,2.44,,,,,,,,,,,,דווח,,,,,,,,,,,98.1,,,,,0.05,,514956465,,15265
₪ כל הסכומים במיליוני,כל התשואות הינן פיננסיות נומינליות ברוטו,תשואת קרן פנסיה לא מוצגת החל מינואר 2017,15266,מור פנסיה מקיפה  עוקבי מדדים עוקב מדד s&p 500,"מור גמל ופנסיה בע""מ",19/12/2024,קרנות חדשות,"י.ד מור השקעות בע""מ",ישראלית,202407,202411,6.7,0.33,191.84,198.21,204.83,,,,,,,,,,,,דווח,,,,,,,,,,,96.5,,,,,0.05,,514956465,,15266
₪ כל הסכומים במיליוני,כל התשואות הינן פיננסיות נומינליות ברוטו,תשואת קרן פנסיה לא מוצגת החל מינואר 2017,15276,"הראל פנסיה אג""ח סחיר","הראל פנסיה וגמל בע""מ",19/12/2024,קרנות חדשות,"הראל השקעות בביטוח ושירותים פיננסיים בע""מ",קבוצות ביטוח,202407,202411,4.19,0.53,11.84,15.5,15.86,,,,,,,,,,,,דווח,,,,,,,,,,,86.7,,,,,-0.03,,512267592,,15276
₪ כל הסכומים במיליוני,כל התשואות הינן פיננסיות נומינליות ברוטו,תשואת קרן פנסיה לא מוצגת החל מינואר 2017,15277,הראל פנסיה מניות סחיר,"הראל פנסיה וגמל בע""מ",19/12/2024,קרנות חדשות,"הראל השקעות בביטוח ושירותים פיננסיים בע""מ",קבוצות ביטוח,202407,202411,4.25,0.13,36.28,40.4,42.76,,,,,,,,,,,,דווח,,,,,,,,,,,88.8,,,,,-0.03,,512267592,,15277
₪ כל הסכומים במיליוני,כל התשואות הינן פיננסיות נומינליות ברוטו,תשואת קרן פנסיה לא מוצגת החל מינואר 2017,15278,"הראל פנסיה עוקב מדדי אג""ח","הראל פנסיה וגמל בע""מ",19/12/2024,קרנות חדשות,"הראל השקעות בביטוח ושירותים פיננסיים בע""מ",קבוצות ביטוח,202407,202411,3.63,0.75,27.53,30.41,29.96,,,,,,,,,,,,דווח,,,,,,,,,,,97.3,,,,,-0.03,,512267592,,15278
₪ כל הסכומים במיליוני,כל התשואות הינן פיננסיות נומינליות ברוטו,תשואת קרן פנסיה לא מוצגת החל מינואר 2017,15314,אלטשולר שחם פנסיה מקיפה הלכה למקבלי קצבה,"אלטשולר שחם גמל ופנסיה בע""מ",19/12/2024,קרנות חדשות,"אלטשולר שחם פיננסים בע""מ",ישראלית,202408,202411,0,0.1,3.58,3.48,3.57,,,,,,,,,,,,דווח,,,,,,,,,,,94.3,,,,,0.08,,513173393,,15314
₪ כל הסכומים במיליוני,כל התשואות הינן פיננסיות נומינליות ברוטו,תשואת קרן פנסיה לא מוצגת החל מינואר 2017,15342,"מנורה מבטחים פנסיה מסלול אג""ח ממשלות","מנורה מבטחים פנסיה וגמל בע""מ",19/12/2024,קרנות חדשות,"מנורה מבטחים החזקות בע""מ",קבוצות ביטוח,202407,202411,20.79,105.26,7.53,-76.94,761.28,,,,,,,,,,,,דווח,,,,,,,,,,,88.4,,,,,-0.11,,512245812,,15342
₪ כל הסכומים במיליוני,כל התשואות הינן פיננסיות נומינליות ברוטו,תשואת קרן פנסיה לא מוצגת החל מינואר 2017,15359,"מיטב פנסיה מקיפה אג""ח סחיר","מיטב גמל ופנסיה בע""מ",19/12/2024,קרנות חדשות,"מיטב דש השקעות בע""מ",ישראלית,202407,202411,0.32,0.05,13.99,14.26,14.21,,,,,,,,,,,,דווח,,,,,,,,,,,89.8,,,,,0.08,,512065202,,15359
₪ כל הסכומים במיליוני,כל התשואות הינן פיננסיות נומינליות ברוטו,תשואת קרן פנסיה לא מוצגת החל מינואר 2017,15360,מיטב פנסיה מקיפה מניות סחיר,"מיטב גמל ופנסיה בע""מ",19/12/2024,קרנות חדשות,"מיטב דש השקעות בע""מ",ישראלית,202407,202411,1.91,0.13,71.53,73.31,73.72,,,,,,,,,,,,דווח,,,,,,,,,,,96.1,,,,,0.08,,512065202,,15360
